cityid,ADM3,flood_weeks,total_cases,mean_paf_percent,mean_paf_lower,mean_paf_upper,total_attributable_cases,total_attributable_lower,total_attributable_upper
220204,PE220204,67,0,42.34988605,29.0187662,55.68100589,0,0,0
220506,PE220506,67,1,42.34988605,29.0187662,55.68100589,0.535367457,0.388602147,0.682132768
220902,PE220902,67,0,42.34988605,29.0187662,55.68100589,0,0,0
61004,PE061004,50,0,41.59818931,28.70952863,54.74824139,0,0,0
10107,PE010107,34,0,41.50305091,28.37706635,54.7199383,0,0,0
10305,PE010305,34,0,41.50305091,28.37706635,54.7199383,0,0,0
10312,PE010312,34,0,41.50305091,28.37706635,54.7199383,0,0,0
10602,PE010602,34,0,41.50305091,28.37706635,54.7199383,0,0,0
10609,PE010609,34,0,41.50305091,28.37706635,54.7199383,0,0,0
50509,PE050509,34,3,41.50305091,28.37706635,54.7199383,1.396447317,1.009819899,1.783074735
50510,PE050510,34,0,41.50305091,28.37706635,54.7199383,0,0,0
50512,PE050511,34,0,41.50305091,28.37706635,54.7199383,0,0,0
50513,PE050511,34,0,41.50305091,28.37706635,54.7199383,0,0,0
50406,PE050406,52,0,41.41178276,28.2232673,54.65973469,0,0,0
50409,PE050409,52,0,41.41178276,28.2232673,54.65973469,0,0,0
50410,PE050410,52,0,41.41178276,28.2232673,54.65973469,0,0,0
21401,PE021401,62,0,41.06926932,28.18663546,54.1627027,0,0,0
22006,PE022006,62,0,41.06926932,28.18663546,54.1627027,0,0,0
120203,PE120203,79,0,40.80163883,27.92399512,53.88384288,0,0,0
120205,PE120205,79,0,40.80163883,27.92399512,53.88384288,0,0,0
120407,PE120407,79,0,40.80163883,27.92399512,53.88384288,0,0,0
250304,PE250304,61,0,40.67246713,27.92140935,53.68844731,0,0,0
250305,PE250305,61,0,40.67246713,27.92140935,53.68844731,0,0,0
21510,PE021510,72,0,40.35564499,27.52702689,53.36578489,0,0,0
21603,PE021603,72,1,40.35564499,27.52702689,53.36578489,0.535367457,0.388602147,0.682132768
22005,PE022005,72,0,40.35564499,27.52702689,53.36578489,0,0,0
10103,PE010103,44,1,40.23671527,27.25442712,53.28924652,0.377756328,0.224092409,0.531420246
10106,PE010106,44,0,40.23671527,27.25442712,53.28924652,0,0,0
10301,PE010301,44,0,40.23671527,27.25442712,53.28924652,0,0,0
10401,PE010401,44,23,40.23671527,27.25442712,53.28924652,8.279500748,5.677982704,10.88101879
10402,PE010402,44,0,40.23671527,27.25442712,53.28924652,0,0,0
10403,PE010403,44,113,40.23671527,27.25442712,53.28924652,32.39036049,19.28522382,45.65003197
10610,PE010610,44,0,40.23671527,27.25442712,53.28924652,0,0,0
10701,PE010701,44,3,40.23671527,27.25442712,53.28924652,1.164927764,0.787197019,1.542658509
10702,PE010702,44,0,40.23671527,27.25442712,53.28924652,0,0,0
10704,PE010704,44,1,40.23671527,27.25442712,53.28924652,0.535367457,0.388602147,0.682132768
10705,PE010705,44,0,40.23671527,27.25442712,53.28924652,0,0,0
50401,PE050401,69,7,39.22373172,26.30607129,52.18618484,2.529005794,1.729072867,3.328938721
50402,PE050402,69,5,39.22373172,26.30607129,52.18618484,1.839418931,1.23622589,2.442611971
50405,PE050405,69,0,39.22373172,26.30607129,52.18618484,0,0,0
50407,PE050407,69,469,39.22373172,26.30607129,52.18618484,197.9952213,134.0942408,261.8962019
50408,PE050408,69,967,39.22373172,26.30607129,52.18618484,443.7061532,310.4466828,576.9656236
120609,PE120609,84,49,39.18444692,26.71052637,52.00634173,9.846790616,6.064622164,14.47494721
200201,PE200201,69,0,39.04798881,26.29840118,51.88716184,0,0,0
200203,PE200203,69,2,39.04798881,26.29840118,51.88716184,0.333246721,0.13853734,0.558863063
200204,PE200204,69,0,39.04798881,26.29840118,51.88716184,0,0,0
200207,PE200207,69,1,39.04798881,26.29840118,51.88716184,0.227205964,0.098571989,0.355839938
200208,PE200208,69,3,39.04798881,26.29840118,51.88716184,0.528059772,0.233684815,0.853341691
200209,PE200209,69,0,39.04798881,26.29840118,51.88716184,0,0,0
200210,PE200210,69,6,39.04798881,26.29840118,51.88716184,1.49505832,0.912787344,2.077329295
200501,PE200501,69,0,39.04798881,26.29840118,51.88716184,0,0,0
200505,PE200505,69,4,39.04798881,26.29840118,51.88716184,1.833308336,1.26437843,2.402238242
200506,PE200506,69,0,39.04798881,26.29840118,51.88716184,0,0,0
200701,PE200701,69,3,39.04798881,26.29840118,51.88716184,0.630038767,0.328832289,0.931245246
200706,PE200706,69,2,39.04798881,26.29840118,51.88716184,0.493707535,0.307949584,0.679465486
200802,PE200802,69,0,39.04798881,26.29840118,51.88716184,0,0,0
60201,PE060201,66,1,38.97952284,26.41332476,51.79057343,0.325712402,0.232615605,0.4188092
60203,PE060203,66,0,38.97952284,26.41332476,51.79057343,0,0,0
60204,PE060204,66,12,38.97952284,26.41332476,51.79057343,4.191879869,2.695280108,5.71938659
60301,PE060301,66,0,38.97952284,26.41332476,51.79057343,0,0,0
60302,PE060302,66,1,38.97952284,26.41332476,51.79057343,0.25329487,0.169412244,0.337177495
60303,PE060303,66,0,38.97952284,26.41332476,51.79057343,0,0,0
60311,PE060311,66,0,38.97952284,26.41332476,51.79057343,0,0,0
60418,PE060418,66,0,38.97952284,26.41332476,51.79057343,0,0,0
60601,PE060601,66,1,38.97952284,26.41332476,51.79057343,0.310928239,0.159055996,0.462800481
60607,PE060607,66,3,38.97952284,26.41332476,51.79057343,0.380481162,0.095147474,0.727628772
60901,PE060901,66,6,38.97952284,26.41332476,51.79057343,1.17728475,0.525976267,1.859500194
60902,PE060902,66,1,38.97952284,26.41332476,51.79057343,0.227205964,0.098571989,0.355839938
61007,PE061007,66,4,38.97952284,26.41332476,51.79057343,1.649742187,1.179232142,2.120252231
61303,PE061303,66,0,38.97952284,26.41332476,51.79057343,0,0,0
220401,PE220401,89,3,38.86102499,26.17365119,51.69524789,1.029813971,0.675361144,1.384266798
220402,PE220402,89,0,38.86102499,26.17365119,51.69524789,0,0,0
220406,PE220406,89,0,38.86102499,26.17365119,51.69524789,0,0,0
220601,PE220601,89,0,38.86102499,26.17365119,51.69524789,0,0,0
220602,PE220602,89,0,38.86102499,26.17365119,51.69524789,0,0,0
220603,PE220603,89,2,38.86102499,26.17365119,51.69524789,0.337395437,0.183664209,0.491126665
220605,PE220605,89,1,38.86102499,26.17365119,51.69524789,0.310928239,0.159055996,0.462800481
220801,PE220801,89,111,38.86102499,26.17365119,51.69524789,25.67421206,15.66265943,36.86202603
220802,PE220802,89,5,38.86102499,26.17365119,51.69524789,1.095932897,0.506828347,1.685037446
220803,PE220803,89,44,38.86102499,26.17365119,51.69524789,15.16947088,9.841710816,20.49723094
220804,PE220804,89,71,38.86102499,26.17365119,51.69524789,15.66323969,9.67694676,22.69509825
220805,PE220805,89,96,38.86102499,26.17365119,51.69524789,22.09646588,12.32403949,32.65306649
220807,PE220807,89,4,38.86102499,26.17365119,51.69524789,1.327121027,0.824732823,1.829509231
220809,PE220809,89,5,38.86102499,26.17365119,51.69524789,1.11157322,0.648842605,1.574303835
221001,PE221001,89,1,38.86102499,26.17365119,51.69524789,0.535367457,0.388602147,0.682132768
221003,PE221003,89,15,38.86102499,26.17365119,51.69524789,4.463923548,2.839045124,6.088801972
221005,PE221005,89,1,38.86102499,26.17365119,51.69524789,0.25329487,0.169412244,0.337177495
140109,PE140109,57,0,38.6749655,26.46904237,51.33947004,0,0,0
140202,PE140202,68,0,38.66247061,26.15955613,51.40303606,0,0,0
140302,PE140302,68,5,38.66247061,26.15955613,51.40303606,1.125000291,0.574668017,1.706239527
140304,PE140304,68,0,38.66247061,26.15955613,51.40303606,0,0,0
140307,PE140307,68,51,38.66247061,26.15955613,51.40303606,13.96622154,9.111203126,18.85214692
140308,PE140308,68,1,38.66247061,26.15955613,51.40303606,0.240412666,0.13853734,0.342287991
140309,PE140309,68,0,38.66247061,26.15955613,51.40303606,0,0,0
140310,PE140310,68,16,38.66247061,26.15955613,51.40303606,2.832039288,1.348730266,4.531697036
160802,PE160802,78,8,38.6611513,26.32037869,51.3766654,1.169315937,0.663518279,1.936505002
160804,PE160804,78,14,38.6611513,26.32037869,51.3766654,2.664735188,1.554003186,3.77546719
20802,PE020802,77,0,38.62039627,26.22901996,51.35124195,0,0,0
21101,PE021101,77,1,38.62039627,26.22901996,51.35124195,0.096982771,0.045126869,0.148838674
21801,PE021801,77,0,38.62039627,26.22901996,51.35124195,0,0,0
21805,PE021805,77,0,38.62039627,26.22901996,51.35124195,0,0,0
21809,PE021809,77,0,38.62039627,26.22901996,51.35124195,0,0,0
50101,PE050101,51,1,38.51232384,25.73194658,51.35330298,0.227205964,0.098571989,0.355839938
50106,PE050106,51,1,38.51232384,25.73194658,51.35330298,0.310928239,0.159055996,0.462800481
50110,PE050110,51,0,38.51232384,25.73194658,51.35330298,0,0,0
50201,PE050201,51,0,38.51232384,25.73194658,51.35330298,0,0,0
50501,PE050501,51,45,38.51232384,25.73194658,51.35330298,14.05841216,8.734350906,19.38247342
50502,PE050502,51,101,38.51232384,25.73194658,51.35330298,38.85405317,25.79420905,51.91389728
50503,PE050503,51,176,38.51232384,25.73194658,51.35330298,52.22220612,30.46350904,73.98090319
50504,PE050504,51,1,38.51232384,25.73194658,51.35330298,0.310928239,0.159055996,0.462800481
50505,PE050505,51,21,38.51232384,25.73194658,51.35330298,5.953862668,3.31334076,8.594384576
50506,PE050506,51,0,38.51232384,25.73194658,51.35330298,0,0,0
50507,PE050507,51,38,38.51232384,25.73194658,51.35330298,15.61170422,10.45339115,20.77001729
50508,PE050508,51,0,38.51232384,25.73194658,51.35330298,0,0,0
50707,PE050707,51,5,38.51232384,25.73194658,51.35330298,2.548172964,1.848076743,3.248269185
51104,PE051104,51,1,38.51232384,25.73194658,51.35330298,0.388309255,0.262399006,0.514219503
160801,PE160801,88,683,38.35092662,25.99277358,51.04123689,312.8119363,219.5246657,407.0758908
160803,PE160803,88,77,38.35092662,25.99277358,51.04123689,16.70715552,10.13047452,23.968222
30106,PE030106,66,0,38.29320868,25.76989126,51.06137862,0,0,0
200301,PE200301,72,0,38.25539865,25.77431261,51.00385917,0,0,0
200302,PE200302,72,7,38.25539865,25.77431261,51.00385917,1.575010171,0.881912441,2.299014863
200304,PE200304,72,16,38.25539865,25.77431261,51.00385917,2.621457374,1.110380825,4.379789612
200306,PE200306,72,10,38.25539865,25.77431261,51.00385917,1.733392753,0.752812051,2.806694337
200401,PE200401,72,7,38.25539865,25.77431261,51.00385917,1.649846751,0.948155972,2.351537529
200402,PE200402,72,3,38.25539865,25.77431261,51.00385917,0.760938119,0.46630042,1.055575818
200403,PE200403,72,1,38.25539865,25.77431261,51.00385917,0.325712402,0.232615605,0.4188092
200404,PE200404,72,0,38.25539865,25.77431261,51.00385917,0,0,0
200405,PE200405,72,10,38.25539865,25.77431261,51.00385917,2.404568768,1.441221916,3.429729543
200406,PE200406,72,5,38.25539865,25.77431261,51.00385917,1.240385442,0.776220964,1.704549919
200408,PE200408,72,7,38.25539865,25.77431261,51.00385917,1.427431562,0.7433751,2.173301945
200409,PE200409,72,0,38.25539865,25.77431261,51.00385917,0,0,0
200601,PE200601,72,320,38.25539865,25.77431261,51.00385917,99.16009727,62.46359841,136.3511075
200602,PE200602,72,432,38.25539865,25.77431261,51.00385917,142.609454,90.84736311,194.7733353
200603,PE200603,72,9,38.25539865,25.77431261,51.00385917,1.841616441,0.853730358,2.953130368
200604,PE200604,72,4,38.25539865,25.77431261,51.00385917,1.217549873,0.836384156,1.59871559
200605,PE200605,72,71,38.25539865,25.77431261,51.00385917,20.04984703,12.24379797,27.94861696
200606,PE200606,72,5,38.25539865,25.77431261,51.00385917,1.329887772,0.693758662,1.966016883
200607,PE200607,72,125,38.25539865,25.77431261,51.00385917,38.24733842,23.95228389,52.78964863
200608,PE200608,72,71,38.25539865,25.77431261,51.00385917,22.86885054,15.07990432,30.68870372
200115,PE200115,61,0,38.19366779,25.99403453,50.8724787,0,0,0
190308,PE190308,54,0,38.19144952,25.73852265,50.88640548,0,0,0
250101,PE250101,85,49,37.97362733,25.45705261,50.68032283,15.34772493,9.445909645,21.24954022
250102,PE250102,85,256,37.97362733,25.45705261,50.68032283,66.98291334,36.94223452,97.02359216
250103,PE250103,85,5,37.97362733,25.45705261,50.68032283,1.639626728,1.017383077,2.261870378
250104,PE250104,85,46,37.97362733,25.45705261,50.68032283,14.32709194,8.809716588,19.84446728
250105,PE250105,85,13,37.97362733,25.45705261,50.68032283,5.190065295,3.530318693,6.849811897
250106,PE250106,85,29,37.97362733,25.45705261,50.68032283,8.35047472,4.705393181,11.99555626
250107,PE250107,85,4,37.97362733,25.45705261,50.68032283,1.847353424,1.302002306,2.392704542
250201,PE250201,85,28,37.97362733,25.45705261,50.68032283,11.5921206,8.066848551,15.11739264
250202,PE250202,85,3,37.97362733,25.45705261,50.68032283,0.806213236,0.500599838,1.111826633
250203,PE250203,85,1,37.97362733,25.45705261,50.68032283,0.535367457,0.388602147,0.682132768
250204,PE250204,85,0,37.97362733,25.45705261,50.68032283,0,0,0
250401,PE250401,85,1,37.97362733,25.45705261,50.68032283,0.325712402,0.232615605,0.4188092
130301,PE130301,65,13,37.89922006,25.50168864,50.54537096,3.961884284,2.21201034,5.711758228
130302,PE130302,65,35,37.89922006,25.50168864,50.54537096,13.06789489,8.913682211,17.22210756
130303,PE130303,65,11,37.89922006,25.50168864,50.54537096,4.045509669,2.742026066,5.379900233
130304,PE130304,65,5,37.89922006,25.50168864,50.54537096,1.515271409,0.9554748,2.075068018
130306,PE130306,65,6,37.89922006,25.50168864,50.54537096,1.494700608,0.879316326,2.110084889
130803,PE130803,65,8,37.89922006,25.50168864,50.54537096,2.289940182,1.537271141,3.042609222
130804,PE130804,65,4,37.89922006,25.50168864,50.54537096,0.899047291,0.500599838,1.328401705
130808,PE130808,65,0,37.89922006,25.50168864,50.54537096,0,0,0
130809,PE130809,65,25,37.89922006,25.50168864,50.54537096,7.760839327,4.861548937,10.7528506
130811,PE130811,65,10,37.89922006,25.50168864,50.54537096,1.965946601,0.976337209,3.017369915
130901,PE130901,65,1,37.89922006,25.50168864,50.54537096,0.535367457,0.388602147,0.682132768
130902,PE130902,65,25,37.89922006,25.50168864,50.54537096,5.979010276,3.289819629,8.760921807
130903,PE130903,65,5,37.89922006,25.50168864,50.54537096,0.991881347,0.500599838,1.544976778
130905,PE130905,65,2,37.89922006,25.50168864,50.54537096,0.552918366,0.331187594,0.774649138
130906,PE130906,65,0,37.89922006,25.50168864,50.54537096,0,0,0
130907,PE130907,65,0,37.89922006,25.50168864,50.54537096,0,0,0
130908,PE130908,65,49,37.89922006,25.50168864,50.54537096,16.5471223,10.7716935,22.41527198
131008,PE131008,65,0,37.89922006,25.50168864,50.54537096,0,0,0
131201,PE131201,65,0,37.89922006,25.50168864,50.54537096,0,0,0
131202,PE131202,65,5,37.89922006,25.50168864,50.54537096,0.844627235,0.371152945,1.410822408
120301,PE120301,84,182,37.70800691,25.28742209,50.35776986,56.61896598,37.36671793,75.87121403
120302,PE120302,84,62,37.70800691,25.28742209,50.35776986,21.93880287,14.04441413,29.8331916
120303,PE120303,84,75,37.70800691,25.28742209,50.35776986,27.20873073,17.79131336,36.68796202
120304,PE120304,84,5,37.70800691,25.28742209,50.35776986,1.670679117,1.128362981,2.212995253
120305,PE120305,84,135,37.70800691,25.28742209,50.35776986,41.81703183,26.22396482,57.41009884
120306,PE120306,84,3,37.70800691,25.28742209,50.35776986,1.066440894,0.607240814,1.525640973
120501,PE120501,84,1,37.70800691,25.28742209,50.35776986,0.535367457,0.388602147,0.682132768
220101,PE220101,97,91,37.66044424,25.23959368,50.35077048,28.53156653,18.12138846,39.0724403
220102,PE220102,97,3,37.66044424,25.23959368,50.35077048,0.44573255,0.207473764,0.683991335
220103,PE220103,97,1,37.66044424,25.23959368,50.35077048,0.240412666,0.13853734,0.342287991
220104,PE220104,97,10,37.66044424,25.23959368,50.35077048,2.199786243,1.285706086,3.244562103
220105,PE220105,97,18,37.66044424,25.23959368,50.35077048,4.068623062,2.485625777,5.913011755
220106,PE220106,97,133,37.66044424,25.23959368,50.35077048,23.23790906,13.86894912,35.35147879
220201,PE220201,97,5,37.66044424,25.23959368,50.35077048,1.305710132,0.769530276,1.841889987
220202,PE220202,97,1,37.66044424,25.23959368,50.35077048,0.325712402,0.232615605,0.4188092
220203,PE220203,97,2,37.66044424,25.23959368,50.35077048,0.923676712,0.651001153,1.196352271
220205,PE220205,97,2,37.66044424,25.23959368,50.35077048,0.434049515,0.256425161,0.61167387
220206,PE220206,97,0,37.66044424,25.23959368,50.35077048,0,0,0
220301,PE220301,97,2,37.66044424,25.23959368,50.35077048,0.86107986,0.621217752,1.100941967
220302,PE220302,97,0,37.66044424,25.23959368,50.35077048,0,0,0
220303,PE220303,97,0,37.66044424,25.23959368,50.35077048,0,0,0
220304,PE220304,97,1,37.66044424,25.23959368,50.35077048,0.398762774,0.281856491,0.515669057
220501,PE220501,97,4,37.66044424,25.23959368,50.35077048,1.190893274,0.738804699,1.64298185
220502,PE220502,97,4,37.66044424,25.23959368,50.35077048,1.406277992,0.899585838,1.912970145
220503,PE220503,97,1316,37.66044424,25.23959368,50.35077048,322.8747195,197.6836246,461.1353848
220504,PE220504,97,1320,37.66044424,25.23959368,50.35077048,376.9449012,241.2523058,524.9228928
220505,PE220505,97,0,37.66044424,25.23959368,50.35077048,0,0,0
220507,PE220507,97,0,37.66044424,25.23959368,50.35077048,0,0,0
220508,PE220508,97,1,37.66044424,25.23959368,50.35077048,0.478914566,0.341890559,0.615938572
220511,PE220511,97,4,37.66044424,25.23959368,50.35077048,1.622914205,1.072456155,2.173372255
220701,PE220701,97,3,37.66044424,25.23959368,50.35077048,0.489203059,0.338824488,0.770277334
220702,PE220702,97,0,37.66044424,25.23959368,50.35077048,0,0,0
220703,PE220703,97,11,37.66044424,25.23959368,50.35077048,2.119666821,1.467742198,3.163678555
220705,PE220705,97,2,37.66044424,25.23959368,50.35077048,0.934130231,0.670458638,1.197801825
220706,PE220706,97,0,37.66044424,25.23959368,50.35077048,0,0,0
220707,PE220707,97,1,37.66044424,25.23959368,50.35077048,-0.01738668,0,0.095922344
220708,PE220708,97,0,37.66044424,25.23959368,50.35077048,0,0,0
220709,PE220709,97,9,37.66044424,25.23959368,50.35077048,4.300490568,3.051402622,5.549578513
220710,PE220710,97,1,37.66044424,25.23959368,50.35077048,0.194813051,0.095147474,0.294478627
220901,PE220901,97,23,37.66044424,25.23959368,50.35077048,6.486030878,3.898810835,9.203946626
220903,PE220903,97,1,37.66044424,25.23959368,50.35077048,0.325712402,0.232615605,0.4188092
220904,PE220904,97,18,37.66044424,25.23959368,50.35077048,2.697377593,1.616447539,4.56248187
220905,PE220905,97,325,37.66044424,25.23959368,50.35077048,73.16160976,44.45963341,104.8695873
220906,PE220906,97,27,37.66044424,25.23959368,50.35077048,6.690829145,3.772004588,9.87104511
220907,PE220907,97,378,37.66044424,25.23959368,50.35077048,106.5969474,68.02763624,146.4732157
220908,PE220908,97,0,37.66044424,25.23959368,50.35077048,0,0,0
220909,PE220909,97,16,37.66044424,25.23959368,50.35077048,5.226573793,2.997506008,7.455641578
220910,PE220910,97,0,37.66044424,25.23959368,50.35077048,0,0,0
220911,PE220911,97,192,37.66044424,25.23959368,50.35077048,50.56548325,30.33444616,71.97278166
220912,PE220912,97,0,37.66044424,25.23959368,50.35077048,0,0,0
220913,PE220913,97,0,37.66044424,25.23959368,50.35077048,0,0,0
10201,PE010201,49,6,37.52203155,25.24251825,50.13134621,1.467419115,0.874194946,2.060643283
10202,PE010202,49,0,37.52203155,25.24251825,50.13134621,0,0,0
10203,PE010203,49,0,37.52203155,25.24251825,50.13134621,0,0,0
10205,PE010205,49,2,37.52203155,25.24251825,50.13134621,0.320040019,0.098571989,0.572415011
150103,PE150103,88,0,37.20366307,24.9782728,49.76121059,0,0,0
150139,PE150139,88,0,37.20366307,24.9782728,49.76121059,0,0,0
150143,PE150143,88,0,37.20366307,24.9782728,49.76121059,0,0,0
60801,PE060801,71,12,37.1945434,25.08405683,49.7167178,3.810451585,2.395540722,5.225362449
60802,PE060802,71,6,37.1945434,25.08405683,49.7167178,1.124740023,0.560378684,1.781822244
60804,PE060804,71,0,37.1945434,25.08405683,49.7167178,0,0,0
60807,PE060807,71,3,37.1945434,25.08405683,49.7167178,1.003824473,0.623370002,1.384278944
60808,PE060808,71,0,37.1945434,25.08405683,49.7167178,0,0,0
60810,PE060810,71,4,37.1945434,25.08405683,49.7167178,1.089475107,0.555221321,1.623728892
120124,PE120124,107,0,37.17706193,24.90300654,49.75317838,0,0,0
120135,PE120135,107,0,37.17706193,24.90300654,49.75317838,0,0,0
40103,PE040103,113,1,37.14921371,25.06607539,49.72234298,0.108337113,0.023809555,0.192864671
150501,PE150501,83,0,37.12936525,24.58865838,49.74454671,0,0,0
130102,PE130102,63,0,37.10952911,25.11371239,49.5693115,0,0,0
160101,PE160101,93,2355,37.02199587,25.00056641,49.49825767,866.8293914,587.7906805,1156.846541
160102,PE160102,93,2385,37.02199587,25.00056641,49.49825767,951.5420181,652.7782564,1260.032008
160103,PE160103,93,433,37.02199587,25.00056641,49.49825767,155.9909336,105.8959879,207.5235322
160104,PE160104,93,392,37.02199587,25.00056641,49.49825767,161.7369797,112.9943782,210.7409725
160105,PE160105,93,299,37.02199587,25.00056641,49.49825767,130.6473783,92.13694898,169.2885032
160106,PE160106,93,2084,37.02199587,25.00056641,49.49825767,832.5439228,573.2210221,1099.931982
160107,PE160107,93,3001,37.02199587,25.00056641,49.49825767,1071.505962,732.3831517,1434.693554
160108,PE160108,93,2591,37.02199587,25.00056641,49.49825767,988.079511,674.5176229,1309.50698
160110,PE160110,93,986,37.02199587,25.00056641,49.49825767,229.9177664,145.8907824,328.9676884
160112,PE160112,93,843,37.02199587,25.00056641,49.49825767,301.0601721,204.3134278,399.8980476
160113,PE160113,93,5894,37.02199587,25.00056641,49.49825767,2178.419146,1489.892256,2894.900781
160401,PE160401,93,3195,37.02199587,25.00056641,49.49825767,1219.700445,843.8022832,1607.192549
160402,PE160402,93,623,37.02199587,25.00056641,49.49825767,230.3573742,158.0876174,303.4113052
160403,PE160403,93,3792,37.02199587,25.00056641,49.49825767,1421.726328,977.0227078,1886.388415
160404,PE160404,93,310,37.02199587,25.00056641,49.49825767,116.589879,80.55384064,153.0180044
160501,PE160501,93,114,37.02199587,25.00056641,49.49825767,41.80287008,27.73676907,56.1303625
160502,PE160502,93,335,37.02199587,25.00056641,49.49825767,130.2397275,89.96135784,171.9557499
160503,PE160503,93,6,37.02199587,25.00056641,49.49825767,2.09127191,1.345501218,2.837042603
160504,PE160504,93,66,37.02199587,25.00056641,49.49825767,26.29731061,17.87745447,34.71716675
160505,PE160505,93,8,37.02199587,25.00056641,49.49825767,2.834334622,1.860125742,3.808543502
160506,PE160506,93,3,37.02199587,25.00056641,49.49825767,1.174542897,0.808995978,1.540089816
160507,PE160507,93,15,37.02199587,25.00056641,49.49825767,4.405730894,2.865044608,5.94641718
160508,PE160508,93,515,37.02199587,25.00056641,49.49825767,205.0856162,140.3243504,271.153839
160509,PE160509,93,17,37.02199587,25.00056641,49.49825767,7.827998668,5.583874195,10.07212314
160510,PE160510,93,7,37.02199587,25.00056641,49.49825767,3.08269745,2.147995188,4.017399713
160511,PE160511,93,885,37.02199587,25.00056641,49.49825767,312.9771777,210.0954868,420.0649703
160601,PE160601,93,9,37.02199587,25.00056641,49.49825767,3.31355586,2.224770769,4.402340952
160602,PE160602,93,1,37.02199587,25.00056641,49.49825767,0.108337113,0.023809555,0.192864671
160603,PE160603,93,0,37.02199587,25.00056641,49.49825767,0,0,0
160604,PE160604,93,5,37.02199587,25.00056641,49.49825767,2.086927703,1.442881121,2.730974286
160605,PE160605,93,13,37.02199587,25.00056641,49.49825767,5.60722598,3.931109553,7.283342407
160606,PE160606,93,1,37.02199587,25.00056641,49.49825767,0.398762774,0.281856491,0.515669057
160701,PE160701,93,290,37.02199587,25.00056641,49.49825767,84.84749615,55.25984897,117.2106601
160702,PE160702,93,87,37.02199587,25.00056641,49.49825767,22.37054739,13.63228962,32.02367508
160703,PE160703,93,222,37.02199587,25.00056641,49.49825767,57.87129649,36.69892192,82.50357328
160704,PE160704,93,634,37.02199587,25.00056641,49.49825767,194.0630779,128.4611166,267.6948587
160705,PE160705,93,3844,37.02199587,25.00056641,49.49825767,1258.170874,837.2210937,1715.521146
160706,PE160706,93,6738,37.02199587,25.00056641,49.49825767,2222.992618,1473.956857,3028.977205
140101,PE140101,73,2,36.94811062,24.88408791,49.41254205,0.564223108,0.32846824,0.799977977
140102,PE140102,73,0,36.94811062,24.88408791,49.41254205,0,0,0
140105,PE140105,73,2,36.94811062,24.88408791,49.41254205,0.520525453,0.327763079,0.713287827
140116,PE140116,73,0,36.94811062,24.88408791,49.41254205,0,0,0
190301,PE190301,71,5,36.83609942,24.47027102,49.38600628,1.786174204,1.08094507,2.491403338
190304,PE190304,71,2,36.83609942,24.47027102,49.38600628,0.775780123,0.527139487,1.024420759
190305,PE190305,71,0,36.83609942,24.47027102,49.38600628,0,0,0
190306,PE190306,71,67,36.83609942,24.47027102,49.38600628,25.80892739,17.07954209,34.53831269
190307,PE190307,71,21,36.83609942,24.47027102,49.38600628,7.355040594,4.603051438,10.10702975
200101,PE200101,77,14,36.65652957,24.5901183,49.14268802,3.939841575,2.500919185,5.409670925
200104,PE200104,77,14,36.65652957,24.5901183,49.14268802,3.669572778,2.171970066,5.198082451
200105,PE200105,77,225,36.65652957,24.5901183,49.14268802,52.69723785,31.0164049,75.30527963
200107,PE200107,77,14,36.65652957,24.5901183,49.14268802,3.319241808,1.984827275,4.715470263
200109,PE200109,77,86,36.65652957,24.5901183,49.14268802,19.54013066,11.09570073,28.44816501
200111,PE200111,77,23,36.65652957,24.5901183,49.14268802,5.682598062,3.207759496,8.18834359
200114,PE200114,77,106,36.65652957,24.5901183,49.14268802,24.26930892,12.94002316,36.12401302
250301,PE250301,90,6,36.62135997,24.46153414,49.10596176,1.683266542,1.03080878,2.335724305
250302,PE250302,90,130,36.62135997,24.46153414,49.10596176,34.72759357,20.87211265,48.5830745
250303,PE250303,90,18,36.62135997,24.46153414,49.10596176,4.492008917,2.664020748,6.319997085
160201,PE160201,98,383,36.43248355,24.46969632,48.85843509,137.7177971,90.95782914,185.8633073
160202,PE160202,98,590,36.43248355,24.46969632,48.85843509,164.1713593,106.3319537,229.5222339
160205,PE160205,98,23,36.43248355,24.46969632,48.85843509,6.595691015,3.921268503,9.531504935
160206,PE160206,98,526,36.43248355,24.46969632,48.85843509,177.8731682,116.4111645,242.4718688
160210,PE160210,98,10,36.43248355,24.46969632,48.85843509,3.555736599,2.25578911,4.855684088
160211,PE160211,98,55,36.43248355,24.46969632,48.85843509,23.76592621,16.37785887,31.18490051
160301,PE160301,100,1383,36.3675866,24.38187158,48.77629569,513.5360118,354.6204829,680.4548856
160302,PE160302,100,91,36.3675866,24.38187158,48.77629569,30.50362595,19.71145596,41.42649165
160303,PE160303,100,3371,36.3675866,24.38187158,48.77629569,1154.906608,770.3282564,1558.878237
160304,PE160304,100,2722,36.3675866,24.38187158,48.77629569,897.9819633,598.3012876,1219.244201
160305,PE160305,100,1226,36.3675866,24.38187158,48.77629569,357.3120213,225.7447297,496.6689446
100101,PE100101,80,2,35.93822692,23.64893423,48.42952294,0.788662327,0.558014391,1.019310263
100901,PE100901,80,2,35.93822692,23.64893423,48.42952294,0.520525453,0.327763079,0.713287827
100902,PE100902,80,0,35.93822692,23.64893423,48.42952294,0,0,0
100903,PE100903,80,8,35.93822692,23.64893423,48.42952294,2.111486488,1.266353126,2.956619849
100904,PE100904,80,5,35.93822692,23.64893423,48.42952294,1.179859266,0.627276874,1.732441658
10101,PE010101,10,0,35.93117411,23.43745375,48.42489447,0,0,0
10109,PE010109,10,0,35.93117411,23.43745375,48.42489447,0,0,0
10110,PE010110,10,0,35.93117411,23.43745375,48.42489447,0,0,0
10114,PE010114,10,0,35.93117411,23.43745375,48.42489447,0,0,0
10118,PE010118,10,0,35.93117411,23.43745375,48.42489447,0,0,0
10306,PE010306,10,0,35.93117411,23.43745375,48.42489447,0,0,0
10307,PE010307,10,0,35.93117411,23.43745375,48.42489447,0,0,0
10501,PE010501,10,0,35.93117411,23.43745375,48.42489447,0,0,0
10502,PE010502,10,0,35.93117411,23.43745375,48.42489447,0,0,0
10503,PE010503,10,0,35.93117411,23.43745375,48.42489447,0,0,0
10504,PE010504,10,0,35.93117411,23.43745375,48.42489447,0,0,0
10507,PE010507,10,0,35.93117411,23.43745375,48.42489447,0,0,0
10509,PE010509,10,0,35.93117411,23.43745375,48.42489447,0,0,0
10512,PE010512,10,0,35.93117411,23.43745375,48.42489447,0,0,0
10513,PE010513,10,0,35.93117411,23.43745375,48.42489447,0,0,0
10514,PE010514,10,0,35.93117411,23.43745375,48.42489447,0,0,0
10519,PE010519,10,0,35.93117411,23.43745375,48.42489447,0,0,0
10521,PE010521,10,0,35.93117411,23.43745375,48.42489447,0,0,0
10522,PE010522,10,0,35.93117411,23.43745375,48.42489447,0,0,0
10601,PE010601,10,0,35.93117411,23.43745375,48.42489447,0,0,0
10703,PE010703,10,0,35.93117411,23.43745375,48.42489447,0,0,0
10706,PE010706,10,0,35.93117411,23.43745375,48.42489447,0,0,0
10707,PE010707,10,0,35.93117411,23.43745375,48.42489447,0,0,0
20101,PE020101,10,0,35.93117411,23.43745375,48.42489447,0,0,0
20102,PE020102,10,0,35.93117411,23.43745375,48.42489447,0,0,0
20103,PE020103,10,0,35.93117411,23.43745375,48.42489447,0,0,0
20104,PE020104,10,0,35.93117411,23.43745375,48.42489447,0,0,0
20110,PE020110,10,0,35.93117411,23.43745375,48.42489447,0,0,0
20202,PE020202,10,0,35.93117411,23.43745375,48.42489447,0,0,0
20303,PE020303,10,0,35.93117411,23.43745375,48.42489447,0,0,0
20304,PE020304,10,0,35.93117411,23.43745375,48.42489447,0,0,0
20305,PE020305,10,0,35.93117411,23.43745375,48.42489447,0,0,0
20401,PE020401,10,0,35.93117411,23.43745375,48.42489447,0,0,0
20503,PE020503,10,0,35.93117411,23.43745375,48.42489447,0,0,0
20507,PE020507,10,0,35.93117411,23.43745375,48.42489447,0,0,0
20601,PE020601,10,0,35.93117411,23.43745375,48.42489447,0,0,0
20611,PE020611,10,0,35.93117411,23.43745375,48.42489447,0,0,0
20801,PE020801,10,0,35.93117411,23.43745375,48.42489447,0,0,0
20804,PE020804,10,0,35.93117411,23.43745375,48.42489447,0,0,0
21001,PE021001,10,0,35.93117411,23.43745375,48.42489447,0,0,0
21003,PE021003,10,0,35.93117411,23.43745375,48.42489447,0,0,0
21010,PE021010,10,0,35.93117411,23.43745375,48.42489447,0,0,0
21014,PE021014,10,0,35.93117411,23.43745375,48.42489447,0,0,0
21016,PE021016,10,0,35.93117411,23.43745375,48.42489447,0,0,0
21102,PE021102,10,0,35.93117411,23.43745375,48.42489447,0,0,0
21103,PE021103,10,0,35.93117411,23.43745375,48.42489447,0,0,0
21104,PE021104,10,0,35.93117411,23.43745375,48.42489447,0,0,0
21105,PE021105,10,0,35.93117411,23.43745375,48.42489447,0,0,0
21204,PE021204,10,0,35.93117411,23.43745375,48.42489447,0,0,0
21206,PE021206,10,0,35.93117411,23.43745375,48.42489447,0,0,0
21301,PE021301,10,0,35.93117411,23.43745375,48.42489447,0,0,0
21304,PE021304,10,0,35.93117411,23.43745375,48.42489447,0,0,0
21305,PE021305,10,0,35.93117411,23.43745375,48.42489447,0,0,0
21306,PE021306,10,0,35.93117411,23.43745375,48.42489447,0,0,0
21503,PE021503,10,0,35.93117411,23.43745375,48.42489447,0,0,0
21507,PE021507,10,0,35.93117411,23.43745375,48.42489447,0,0,0
21508,PE021508,10,0,35.93117411,23.43745375,48.42489447,0,0,0
21509,PE021509,10,0,35.93117411,23.43745375,48.42489447,0,0,0
21601,PE021601,10,0,35.93117411,23.43745375,48.42489447,0,0,0
21602,PE021602,10,0,35.93117411,23.43745375,48.42489447,0,0,0
21604,PE021604,10,0,35.93117411,23.43745375,48.42489447,0,0,0
21705,PE021705,10,0,35.93117411,23.43745375,48.42489447,0,0,0
21706,PE021706,10,0,35.93117411,23.43745375,48.42489447,0,0,0
21708,PE021708,10,0,35.93117411,23.43745375,48.42489447,0,0,0
21709,PE021709,10,0,35.93117411,23.43745375,48.42489447,0,0,0
21802,PE021802,10,0,35.93117411,23.43745375,48.42489447,0,0,0
21804,PE021804,10,0,35.93117411,23.43745375,48.42489447,0,0,0
21806,PE021806,10,0,35.93117411,23.43745375,48.42489447,0,0,0
21807,PE021807,10,0,35.93117411,23.43745375,48.42489447,0,0,0
21808,PE021808,10,0,35.93117411,23.43745375,48.42489447,0,0,0
22001,PE022001,10,0,35.93117411,23.43745375,48.42489447,0,0,0
22002,PE022002,10,0,35.93117411,23.43745375,48.42489447,0,0,0
22007,PE022007,10,0,35.93117411,23.43745375,48.42489447,0,0,0
22008,PE022008,10,0,35.93117411,23.43745375,48.42489447,0,0,0
160109,PE160108,10,108,35.93117411,23.43745375,48.42489447,38.43007634,25.48728049,51.37287219
160114,PE160113,10,31,35.93117411,23.43745375,48.42489447,10.82329481,6.845435998,14.80115361
90305,PE090305,88,0,35.72218377,23.65171628,48.12480849,0,0,0
150110,PE150110,111,0,35.67904897,23.59482424,48.05444968,0,0,0
150111,PE150111,111,0,35.67904897,23.59482424,48.05444968,0,0,0
100507,PE100507,83,2,35.43772331,23.22508302,47.8450656,0.470590383,0.224092409,0.747995318
80601,PE080601,98,0,35.27721836,23.15927929,47.62313353,0,0,0
120601,PE120601,117,149,35.16473312,23.41879403,47.41032754,53.8626134,35.02164891,73.02678322
120602,PE120602,117,9,35.16473312,23.41879403,47.41032754,3.437629235,2.286826936,4.588431533
120603,PE120603,117,3,35.16473312,23.41879403,47.41032754,1.164089378,0.789538494,1.538640262
120604,PE120699,117,106,35.16473312,23.41879403,47.41032754,44.25117923,30.55402215,58.07903202
120605,PE120605,117,2,35.16473312,23.41879403,47.41032754,0.856670893,0.565982969,1.147358818
120606,PE120699,117,1223,35.16473312,23.41879403,47.41032754,455.5346628,308.4993664,606.1464215
120607,PE120607,117,77,35.16473312,23.41879403,47.41032754,31.57690059,21.55715086,41.75825298
120608,PE120608,117,1867,35.16473312,23.41879403,47.41032754,733.1651523,503.0106027,966.9464779
30101,PE030101,97,0,35.13645079,23.09830866,47.50779429,0,0,0
30104,PE030104,97,0,35.13645079,23.09830866,47.50779429,0,0,0
30208,PE030208,97,1,35.13645079,23.09830866,47.50779429,0.535367457,0.388602147,0.682132768
30604,PE030604,97,9,35.13645079,23.09830866,47.50779429,2.625761419,1.777109088,3.47441375
30605,PE030605,97,4,35.13645079,23.09830866,47.50779429,0.884324756,0.586519748,1.312825468
30606,PE030606,97,12,35.13645079,23.09830866,47.50779429,3.475666166,2.30135458,4.649977753
130106,PE130106,76,9,35.06632472,23.27272142,47.28519819,1.908336909,0.951242126,2.927245613
240201,PE240201,58,1,35.03570754,22.73038225,47.39432069,0.180813523,0.051295156,0.31033189
240202,PE240202,58,0,35.03570754,22.73038225,47.39432069,0,0,0
100701,PE100701,108,34,34.75643773,22.87112578,47.03341085,8.40514691,5.138474554,11.76454015
170201,PE170201,73,14,34.69177333,22.79887439,46.98508098,3.960630084,2.393455048,5.558712081
170202,PE170202,73,0,34.69177333,22.79887439,46.98508098,0,0,0
170203,PE170203,73,1396,34.69177333,22.79887439,46.98508098,539.6503509,356.8531008,722.5782968
170204,PE170204,73,882,34.69177333,22.79887439,46.98508098,313.0899096,202.3085056,424.7411409
100601,PE100601,85,6,34.62614386,22.70121576,46.89495239,2.132773194,1.453220182,2.812326206
100603,PE100603,85,0,34.62614386,22.70121576,46.89495239,0,0,0
100604,PE100604,85,1,34.62614386,22.70121576,46.89495239,0.092834056,0,0.216575072
100605,PE100605,85,0,34.62614386,22.70121576,46.89495239,0,0,0
90601,PE090601,70,0,34.30347427,22.55087698,46.47364065,0,0,0
90703,PE090703,70,0,34.30347427,22.55087698,46.47364065,0,0,0
81303,PE081303,103,0,34.22651916,22.40095118,46.39588547,0,0,0
90208,PE090208,127,0,34.09049052,22.13336474,46.30210868,0,0,0
170101,PE170101,79,93,33.74590827,21.99678856,45.90414866,36.76246086,24.67602255,48.94162004
170102,PE170102,79,273,33.74590827,21.99678856,45.90414866,101.3634026,66.93010071,136.0510281
170103,PE170103,79,11,33.74590827,21.99678856,45.90414866,2.981727352,1.811265813,4.15218889
170104,PE170104,79,26,33.74590827,21.99678856,45.90414866,9.627608911,6.143302192,13.11191563
170301,PE170301,79,2,33.74590827,21.99678856,45.90414866,0.762573421,0.487174136,1.037972706
170302,PE170302,79,2,33.74590827,21.99678856,45.90414866,0.631051197,0.393504653,0.868597741
170303,PE170303,79,8,33.74590827,21.99678856,45.90414866,3.258935802,2.223154869,4.294716734
211201,PE211201,85,0,33.47569359,21.79015986,45.54146888,0,0,0
211207,PE211207,85,0,33.47569359,21.79015986,45.54146888,0,0,0
211210,PE211210,85,0,33.47569359,21.79015986,45.54146888,0,0,0
240101,PE240101,63,184,33.33706526,21.52461542,45.40602727,56.94104483,35.87808454,78.2512608
240102,PE240102,63,43,33.33706526,21.52461542,45.40602727,13.74626253,8.718747511,18.80468451
240103,PE240103,63,2,33.33706526,21.52461542,45.40602727,0.480500833,0.267984233,0.693017433
240104,PE240104,63,2,33.33706526,21.52461542,45.40602727,0.934130231,0.670458638,1.197801825
240105,PE240105,63,5,33.33706526,21.52461542,45.40602727,1.385545005,0.911718135,1.859371876
240106,PE240106,63,5,33.33706526,21.52461542,45.40602727,1.649341172,1.00090483,2.297777514
240301,PE240301,63,265,33.33706526,21.52461542,45.40602727,85.82930117,55.90102424,115.850299
240302,PE240302,63,280,33.33706526,21.52461542,45.40602727,88.46525383,56.37560058,120.616721
240303,PE240303,63,1,33.33706526,21.52461542,45.40602727,0.25329487,0.169412244,0.337177495
240304,PE240304,63,11,33.33706526,21.52461542,45.40602727,3.66340232,2.378970495,4.947834145
80101,PE080101,135,2,33.17205667,21.36005003,45.26926275,0.185668112,0,0.433150145
80408,PE080408,135,56,33.17205667,21.36005003,45.26926275,15.70405793,8.664393664,22.898257
90705,PE090705,109,13,32.90993875,21.17566677,44.94072937,3.876451025,2.371968278,5.411840733
90707,PE090707,109,33,32.90993875,21.17566677,44.94072937,10.68263571,6.553805175,14.81146625
90715,PE090715,109,0,32.90993875,21.17566677,44.94072937,0,0,0
90717,PE090717,109,1,32.90993875,21.17566677,44.94072937,0.227205964,0.098571989,0.355839938
90718,PE090718,109,12,32.90993875,21.17566677,44.94072937,3.801748071,2.550175456,5.053320686
80911,PE080911,85,0,32.74144118,21.22950974,44.66997532,0,0,0
80912,PE080912,85,0,32.74144118,21.22950974,44.66997532,0,0,0
80913,PE080913,85,0,32.74144118,21.22950974,44.66997532,0,0,0
80914,PE080914,85,0,32.74144118,21.22950974,44.66997532,0,0,0
80916,PE080914,85,0,32.74144118,21.22950974,44.66997532,0,0,0
80918,PE080914,85,0,32.74144118,21.22950974,44.66997532,0,0,0
50102,PE050102,17,0,32.53086969,20.44170704,44.62003235,0,0,0
50103,PE050103,17,1,32.53086969,20.44170704,44.62003235,0.240412666,0.13853734,0.342287991
50104,PE050104,17,0,32.53086969,20.44170704,44.62003235,0,0,0
50105,PE050105,17,0,32.53086969,20.44170704,44.62003235,0,0,0
50107,PE050107,17,0,32.53086969,20.44170704,44.62003235,0,0,0
50108,PE050108,17,0,32.53086969,20.44170704,44.62003235,0,0,0
50109,PE050109,17,0,32.53086969,20.44170704,44.62003235,0,0,0
50113,PE050113,17,0,32.53086969,20.44170704,44.62003235,0,0,0
50114,PE050114,17,0,32.53086969,20.44170704,44.62003235,0,0,0
50115,PE050115,17,0,32.53086969,20.44170704,44.62003235,0,0,0
50202,PE050202,17,0,32.53086969,20.44170704,44.62003235,0,0,0
50204,PE050204,17,0,32.53086969,20.44170704,44.62003235,0,0,0
50404,PE050404,17,0,32.53086969,20.44170704,44.62003235,0,0,0
50701,PE050701,17,0,32.53086969,20.44170704,44.62003235,0,0,0
50706,PE050706,17,0,32.53086969,20.44170704,44.62003235,0,0,0
51102,PE051102,17,0,32.53086969,20.44170704,44.62003235,0,0,0
51103,PE051103,17,0,32.53086969,20.44170704,44.62003235,0,0,0
190101,PE190101,17,0,32.53086969,20.44170704,44.62003235,0,0,0
190103,PE190103,17,0,32.53086969,20.44170704,44.62003235,0,0,0
190107,PE190107,17,0,32.53086969,20.44170704,44.62003235,0,0,0
190112,PE190112,17,0,32.53086969,20.44170704,44.62003235,0,0,0
190113,PE190113,17,0,32.53086969,20.44170704,44.62003235,0,0,0
190201,PE190201,17,0,32.53086969,20.44170704,44.62003235,0,0,0
190302,PE190302,17,0,32.53086969,20.44170704,44.62003235,0,0,0
190303,PE190303,17,0,32.53086969,20.44170704,44.62003235,0,0,0
80901,PE080901,122,41,31.18100616,19.82381731,42.96091219,12.37852236,7.601324172,17.28641625
80902,PE080902,122,270,31.18100616,19.82381731,42.96091219,71.22678855,41.78379299,102.3785316
80903,PE080903,122,0,31.18100616,19.82381731,42.96091219,0,0,0
80904,PE080904,122,45,31.18100616,19.82381731,42.96091219,15.6491147,9.740869346,21.55736006
80905,PE080905,122,3,31.18100616,19.82381731,42.96091219,1.179449692,0.800827624,1.588978722
80906,PE080906,122,36,31.18100616,19.82381731,42.96091219,10.81526884,6.787865888,15.1040632
80907,PE080907,122,951,31.18100616,19.82381731,42.96091219,257.0388046,154.8462652,366.2677083
80908,PE080908,122,1,31.18100616,19.82381731,42.96091219,0.25329487,0.169412244,0.337177495
80909,PE080909,122,451,31.18100616,19.82381731,42.96091219,123.6216691,74.02378283,175.6365275
80910,PE080910,122,839,31.18100616,19.82381731,42.96091219,258.6659225,165.0261352,359.1734036
110101,PE110101,24,0,31.11407618,19.19347924,43.03467313,0,0,0
110102,PE110102,24,1,31.11407618,19.19347924,43.03467313,0.227205964,0.098571989,0.355839938
110106,PE110106,24,0,31.11407618,19.19347924,43.03467313,0,0,0
110201,PE110201,24,0,31.11407618,19.19347924,43.03467313,0,0,0
110202,PE110202,24,0,31.11407618,19.19347924,43.03467313,0,0,0
110204,PE110204,24,0,31.11407618,19.19347924,43.03467313,0,0,0
110205,PE110205,24,0,31.11407618,19.19347924,43.03467313,0,0,0
110208,PE110208,24,0,31.11407618,19.19347924,43.03467313,0,0,0
110209,PE110209,24,0,31.11407618,19.19347924,43.03467313,0,0,0
110403,PE110403,24,0,31.11407618,19.19347924,43.03467313,0,0,0
110501,PE110501,24,0,31.11407618,19.19347924,43.03467313,0,0,0
110503,PE110503,24,0,31.11407618,19.19347924,43.03467313,0,0,0
110507,PE110507,24,0,31.11407618,19.19347924,43.03467313,0,0,0
211202,PE211202,32,0,31.00709628,19.26411899,42.84665782,0,0,0
211209,PE211209,32,0,31.00709628,19.26411899,42.84665782,0,0,0
60106,PE060106,16,0,30.79619012,19.23768767,42.54786107,0,0,0
60109,PE060109,16,0,30.79619012,19.23768767,42.54786107,0,0,0
60202,PE060202,16,0,30.79619012,19.23768767,42.54786107,0,0,0
60304,PE060304,16,0,30.79619012,19.23768767,42.54786107,0,0,0
60305,PE060305,16,0,30.79619012,19.23768767,42.54786107,0,0,0
60306,PE060306,16,0,30.79619012,19.23768767,42.54786107,0,0,0
60307,PE060307,16,0,30.79619012,19.23768767,42.54786107,0,0,0
60308,PE060308,16,0,30.79619012,19.23768767,42.54786107,0,0,0
60309,PE060309,16,0,30.79619012,19.23768767,42.54786107,0,0,0
60310,PE060310,16,0,30.79619012,19.23768767,42.54786107,0,0,0
60312,PE060312,16,0,30.79619012,19.23768767,42.54786107,0,0,0
60401,PE060401,16,0,30.79619012,19.23768767,42.54786107,0,0,0
60403,PE060403,16,0,30.79619012,19.23768767,42.54786107,0,0,0
60406,PE060406,16,0,30.79619012,19.23768767,42.54786107,0,0,0
60407,PE060407,16,0,30.79619012,19.23768767,42.54786107,0,0,0
60409,PE060409,16,0,30.79619012,19.23768767,42.54786107,0,0,0
60411,PE060411,16,0,30.79619012,19.23768767,42.54786107,0,0,0
60412,PE060412,16,0,30.79619012,19.23768767,42.54786107,0,0,0
60413,PE060413,16,0,30.79619012,19.23768767,42.54786107,0,0,0
60414,PE060414,16,0,30.79619012,19.23768767,42.54786107,0,0,0
60416,PE060416,16,0,30.79619012,19.23768767,42.54786107,0,0,0
60417,PE060417,16,0,30.79619012,19.23768767,42.54786107,0,0,0
60419,PE060419,16,0,30.79619012,19.23768767,42.54786107,0,0,0
60501,PE060501,16,0,30.79619012,19.23768767,42.54786107,0,0,0
60502,PE060502,16,0,30.79619012,19.23768767,42.54786107,0,0,0
60507,PE060507,16,0,30.79619012,19.23768767,42.54786107,0,0,0
60508,PE060508,16,0,30.79619012,19.23768767,42.54786107,0,0,0
60602,PE060602,16,0,30.79619012,19.23768767,42.54786107,0,0,0
60603,PE060603,16,0,30.79619012,19.23768767,42.54786107,0,0,0
60604,PE060604,16,0,30.79619012,19.23768767,42.54786107,0,0,0
60605,PE060605,16,0,30.79619012,19.23768767,42.54786107,0,0,0
60606,PE060606,16,0,30.79619012,19.23768767,42.54786107,0,0,0
60608,PE060608,16,0,30.79619012,19.23768767,42.54786107,0,0,0
60609,PE060609,16,0,30.79619012,19.23768767,42.54786107,0,0,0
60610,PE060610,16,0,30.79619012,19.23768767,42.54786107,0,0,0
60611,PE060611,16,0,30.79619012,19.23768767,42.54786107,0,0,0
60612,PE060612,16,0,30.79619012,19.23768767,42.54786107,0,0,0
60613,PE060613,16,0,30.79619012,19.23768767,42.54786107,0,0,0
60614,PE060614,16,0,30.79619012,19.23768767,42.54786107,0,0,0
60615,PE060615,16,0,30.79619012,19.23768767,42.54786107,0,0,0
60803,PE060803,16,0,30.79619012,19.23768767,42.54786107,0,0,0
60805,PE060805,16,0,30.79619012,19.23768767,42.54786107,0,0,0
60806,PE060806,16,0,30.79619012,19.23768767,42.54786107,0,0,0
60809,PE060809,16,1,30.79619012,19.23768767,42.54786107,0.377756328,0.224092409,0.531420246
60811,PE060811,16,9,30.79619012,19.23768767,42.54786107,1.505862291,0.645149614,2.45929585
60812,PE060812,16,1,30.79619012,19.23768767,42.54786107,0.227205964,0.098571989,0.355839938
60903,PE060903,16,8,30.79619012,19.23768767,42.54786107,2.221828294,1.288473154,3.155183434
60904,PE060904,16,0,30.79619012,19.23768767,42.54786107,0,0,0
60905,PE060905,16,4,30.79619012,19.23768767,42.54786107,1.013179478,0.677648975,1.348709981
60906,PE060906,16,1,30.79619012,19.23768767,42.54786107,0.25329487,0.169412244,0.337177495
60907,PE060907,16,3,30.79619012,19.23768767,42.54786107,0.380481162,0.095147474,0.727628772
61001,PE061001,16,0,30.79619012,19.23768767,42.54786107,0,0,0
61002,PE061002,16,0,30.79619012,19.23768767,42.54786107,0,0,0
61005,PE061005,16,0,30.79619012,19.23768767,42.54786107,0,0,0
61006,PE061006,16,0,30.79619012,19.23768767,42.54786107,0,0,0
61101,PE061101,16,1,30.79619012,19.23768767,42.54786107,0.240412666,0.13853734,0.342287991
61102,PE061102,16,0,30.79619012,19.23768767,42.54786107,0,0,0
61105,PE061105,16,0,30.79619012,19.23768767,42.54786107,0,0,0
61106,PE061106,16,0,30.79619012,19.23768767,42.54786107,0,0,0
61108,PE061108,16,0,30.79619012,19.23768767,42.54786107,0,0,0
61113,PE061113,16,0,30.79619012,19.23768767,42.54786107,0,0,0
61201,PE061201,16,0,30.79619012,19.23768767,42.54786107,0,0,0
61202,PE061202,16,0,30.79619012,19.23768767,42.54786107,0,0,0
61203,PE061203,16,0,30.79619012,19.23768767,42.54786107,0,0,0
61301,PE061301,16,1,30.79619012,19.23768767,42.54786107,0.240412666,0.13853734,0.342287991
61307,PE061307,16,0,30.79619012,19.23768767,42.54786107,0,0,0
140106,PE140106,16,0,30.79619012,19.23768767,42.54786107,0,0,0
140108,PE140108,16,0,30.79619012,19.23768767,42.54786107,0,0,0
140110,PE140110,16,0,30.79619012,19.23768767,42.54786107,0,0,0
140111,PE140111,16,0,30.79619012,19.23768767,42.54786107,0,0,0
140112,PE140112,16,0,30.79619012,19.23768767,42.54786107,0,0,0
140115,PE140115,16,0,30.79619012,19.23768767,42.54786107,0,0,0
140117,PE140117,16,0,30.79619012,19.23768767,42.54786107,0,0,0
140118,PE140118,16,0,30.79619012,19.23768767,42.54786107,0,0,0
140119,PE140119,16,0,30.79619012,19.23768767,42.54786107,0,0,0
140120,PE140120,16,0,30.79619012,19.23768767,42.54786107,0,0,0
140201,PE140201,16,2,30.79619012,19.23768767,42.54786107,0.185668112,0,0.433150145
140203,PE140203,16,0,30.79619012,19.23768767,42.54786107,0,0,0
140204,PE140204,16,0,30.79619012,19.23768767,42.54786107,0,0,0
140205,PE140205,16,0,30.79619012,19.23768767,42.54786107,0,0,0
140206,PE140206,16,0,30.79619012,19.23768767,42.54786107,0,0,0
140301,PE140301,16,0,30.79619012,19.23768767,42.54786107,0,0,0
140303,PE140303,16,23,30.79619012,19.23768767,42.54786107,6.013565624,3.907117577,8.181827592
140305,PE140305,16,0,30.79619012,19.23768767,42.54786107,0,0,0
140306,PE140306,16,1,30.79619012,19.23768767,42.54786107,0.092834056,0,0.216575072
140311,PE140311,16,0,30.79619012,19.23768767,42.54786107,0,0,0
140312,PE140312,16,1,30.79619012,19.23768767,42.54786107,0.25329487,0.169412244,0.337177495
200108,PE200108,16,0,30.79619012,19.23768767,42.54786107,0,0,0
200110,PE200110,16,19,30.79619012,19.23768767,42.54786107,4.764676348,3.025372595,6.565794024
200202,PE200202,16,0,30.79619012,19.23768767,42.54786107,0,0,0
200205,PE200205,16,0,30.79619012,19.23768767,42.54786107,0,0,0
200206,PE200206,16,0,30.79619012,19.23768767,42.54786107,0,0,0
200303,PE200303,16,0,30.79619012,19.23768767,42.54786107,0,0,0
200305,PE200305,16,1,30.79619012,19.23768767,42.54786107,0.325712402,0.232615605,0.4188092
200307,PE200307,16,1,30.79619012,19.23768767,42.54786107,0.092834056,0,0.216575072
200308,PE200308,16,0,30.79619012,19.23768767,42.54786107,0,0,0
200407,PE200407,16,4,30.79619012,19.23768767,42.54786107,0.928933252,0.541634399,1.316232105
200410,PE200410,16,5,30.79619012,19.23768767,42.54786107,1.214296536,0.70538071,1.723212362
200502,PE200502,16,0,30.79619012,19.23768767,42.54786107,0,0,0
200503,PE200503,16,0,30.79619012,19.23768767,42.54786107,0,0,0
200504,PE200504,16,0,30.79619012,19.23768767,42.54786107,0,0,0
200702,PE200702,16,0,30.79619012,19.23768767,42.54786107,0,0,0
200704,PE200704,16,0,30.79619012,19.23768767,42.54786107,0,0,0
200705,PE200705,16,0,30.79619012,19.23768767,42.54786107,0,0,0
200801,PE200801,16,3,30.79619012,19.23768767,42.54786107,0.613359509,0.327763079,0.929862899
200803,PE200803,16,0,30.79619012,19.23768767,42.54786107,0,0,0
200804,PE200804,16,0,30.79619012,19.23768767,42.54786107,0,0,0
200805,PE200805,16,0,30.79619012,19.23768767,42.54786107,0,0,0
200806,PE200806,16,0,30.79619012,19.23768767,42.54786107,0,0,0
40306,PE040306,39,0,30.40872114,18.70734077,42.18935014,0,0,0
40312,PE040312,39,0,30.40872114,18.70734077,42.18935014,0,0,0
90101,PE090101,39,0,30.40872114,18.70734077,42.18935014,0,0,0
90106,PE090106,39,1,30.40872114,18.70734077,42.18935014,0.25329487,0.169412244,0.337177495
90201,PE090201,39,0,30.40872114,18.70734077,42.18935014,0,0,0
90204,PE090204,39,0,30.40872114,18.70734077,42.18935014,0,0,0
90205,PE090205,39,0,30.40872114,18.70734077,42.18935014,0,0,0
90404,PE090404,39,0,30.40872114,18.70734077,42.18935014,0,0,0
90501,PE090501,39,0,30.40872114,18.70734077,42.18935014,0,0,0
90506,PE090506,39,0,30.40872114,18.70734077,42.18935014,0,0,0
90507,PE090507,39,0,30.40872114,18.70734077,42.18935014,0,0,0
90508,PE090508,39,0,30.40872114,18.70734077,42.18935014,0,0,0
90509,PE090509,39,0,30.40872114,18.70734077,42.18935014,0,0,0
90510,PE090510,39,2,30.40872114,18.70734077,42.18935014,0.480500833,0.267984233,0.693017433
90606,PE090606,39,0,30.40872114,18.70734077,42.18935014,0,0,0
90611,PE090611,39,0,30.40872114,18.70734077,42.18935014,0,0,0
90701,PE090701,39,0,30.40872114,18.70734077,42.18935014,0,0,0
90704,PE090704,39,0,30.40872114,18.70734077,42.18935014,0,0,0
90706,PE090706,39,0,30.40872114,18.70734077,42.18935014,0,0,0
90709,PE090709,39,0,30.40872114,18.70734077,42.18935014,0,0,0
90713,PE090713,39,0,30.40872114,18.70734077,42.18935014,0,0,0
90714,PE090714,39,0,30.40872114,18.70734077,42.18935014,0,0,0
90716,PE090716,39,1,30.40872114,18.70734077,42.18935014,0.227205964,0.098571989,0.355839938
210101,PE210101,39,0,30.40872114,18.70734077,42.18935014,0,0,0
210309,PE210309,39,0,30.40872114,18.70734077,42.18935014,0,0,0
210805,PE210805,39,2,30.40872114,18.70734077,42.18935014,1.070734915,0.777204294,1.364265536
210806,PE210806,39,1,30.40872114,18.70734077,42.18935014,0.535367457,0.388602147,0.682132768
120101,PE120101,23,0,29.84574285,18.30162978,41.52423401,0,0,0
120107,PE120107,23,0,29.84574285,18.30162978,41.52423401,0,0,0
120114,PE120114,23,0,29.84574285,18.30162978,41.52423401,0,0,0
120133,PE120133,23,0,29.84574285,18.30162978,41.52423401,0,0,0
120201,PE120201,23,1,29.84574285,18.30162978,41.52423401,0.240412666,0.13853734,0.342287991
120204,PE120204,23,0,29.84574285,18.30162978,41.52423401,0,0,0
120401,PE120401,23,0,29.84574285,18.30162978,41.52423401,0,0,0
120419,PE120419,23,0,29.84574285,18.30162978,41.52423401,0,0,0
120701,PE120701,23,0,29.84574285,18.30162978,41.52423401,0,0,0
150101,PE150101,23,0,29.84574285,18.30162978,41.52423401,0,0,0
150106,PE150106,23,0,29.84574285,18.30162978,41.52423401,0,0,0
150109,PE150109,23,0,29.84574285,18.30162978,41.52423401,0,0,0
150114,PE150114,23,0,29.84574285,18.30162978,41.52423401,0,0,0
150117,PE150117,23,0,29.84574285,18.30162978,41.52423401,0,0,0
150118,PE150118,23,0,29.84574285,18.30162978,41.52423401,0,0,0
150123,PE150123,23,0,29.84574285,18.30162978,41.52423401,0,0,0
150132,PE150132,23,0,29.84574285,18.30162978,41.52423401,0,0,0
150133,PE150133,23,0,29.84574285,18.30162978,41.52423401,0,0,0
150135,PE150135,23,0,29.84574285,18.30162978,41.52423401,0,0,0
150137,PE150137,23,0,29.84574285,18.30162978,41.52423401,0,0,0
150201,PE150201,23,0,29.84574285,18.30162978,41.52423401,0,0,0
150204,PE150204,23,1,29.84574285,18.30162978,41.52423401,0.25329487,0.169412244,0.337177495
150401,PE150401,23,0,29.84574285,18.30162978,41.52423401,0,0,0
150507,PE150507,23,0,29.84574285,18.30162978,41.52423401,0,0,0
150508,PE150508,23,1,29.84574285,18.30162978,41.52423401,0.398762774,0.281856491,0.515669057
150509,PE150509,23,0,29.84574285,18.30162978,41.52423401,0,0,0
150512,PE150512,23,0,29.84574285,18.30162978,41.52423401,0,0,0
150601,PE150601,23,2,29.84574285,18.30162978,41.52423401,0.520525453,0.327763079,0.713287827
150604,PE150604,23,1,29.84574285,18.30162978,41.52423401,0.227205964,0.098571989,0.355839938
150605,PE150605,23,0,29.84574285,18.30162978,41.52423401,0,0,0
150805,PE150805,23,0,29.84574285,18.30162978,41.52423401,0,0,0
150806,PE150806,23,2,29.84574285,18.30162978,41.52423401,0.185668112,0,0.433150145
150810,PE150810,23,0,29.84574285,18.30162978,41.52423401,0,0,0
150812,PE150812,23,0,29.84574285,18.30162978,41.52423401,0,0,0
180301,PE180301,23,0,29.84574285,18.30162978,41.52423401,0,0,0
210701,PE210701,47,0,29.36961686,18.05046641,41.03260276,0,0,0
211101,PE211101,47,0,29.36961686,18.05046641,41.03260276,0,0,0
210204,PE210204,54,0,29.14972289,17.80567414,40.79303584,0,0,0
210211,PE210211,54,1,29.14972289,17.80567414,40.79303584,0.322614535,0.199872596,0.445356475
210601,PE210601,54,0,29.14972289,17.80567414,40.79303584,0,0,0
10204,PE010204,15,0,28.49838767,18.13754255,39.73053748,0,0,0
21901,PE021901,15,0,28.49838767,18.13754255,39.73053748,0,0,0
21902,PE021902,15,0,28.49838767,18.13754255,39.73053748,0,0,0
21903,PE021903,15,0,28.49838767,18.13754255,39.73053748,0,0,0
21906,PE021906,15,0,28.49838767,18.13754255,39.73053748,0,0,0
21907,PE021907,15,2,28.49838767,18.13754255,39.73053748,0.216674226,0.047619111,0.385729342
21910,PE021910,15,0,28.49838767,18.13754255,39.73053748,0,0,0
30105,PE030105,31,1,28.4156114,17.41042311,39.94209861,0.227205964,0.098571989,0.355839938
30107,PE030107,31,0,28.4156114,17.41042311,39.94209861,0,0,0
30201,PE030201,31,2,28.4156114,17.41042311,39.94209861,0.624768206,0.367651753,0.881884659
30202,PE030202,31,0,28.4156114,17.41042311,39.94209861,0,0,0
30204,PE030204,31,0,28.4156114,17.41042311,39.94209861,0,0,0
30401,PE030401,31,0,28.4156114,17.41042311,39.94209861,0,0,0
30501,PE030501,31,0,28.4156114,17.41042311,39.94209861,0,0,0
30502,PE030502,31,0,28.4156114,17.41042311,39.94209861,0,0,0
30601,PE030601,31,0,28.4156114,17.41042311,39.94209861,0,0,0
30602,PE030602,31,0,28.4156114,17.41042311,39.94209861,0,0,0
30603,PE030603,31,0,28.4156114,17.41042311,39.94209861,0,0,0
30608,PE030608,31,0,28.4156114,17.41042311,39.94209861,0,0,0
30701,PE030701,31,0,28.4156114,17.41042311,39.94209861,0,0,0
30710,PE030710,31,0,28.4156114,17.41042311,39.94209861,0,0,0
30712,PE030712,31,0,28.4156114,17.41042311,39.94209861,0,0,0
100102,PE100102,31,0,28.4156114,17.41042311,39.94209861,0,0,0
100103,PE100103,31,0,28.4156114,17.41042311,39.94209861,0,0,0
100201,PE100201,31,0,28.4156114,17.41042311,39.94209861,0,0,0
100204,PE100204,31,0,28.4156114,17.41042311,39.94209861,0,0,0
100208,PE100208,31,0,28.4156114,17.41042311,39.94209861,0,0,0
100401,PE100401,31,1,28.4156114,17.41042311,39.94209861,0.325712402,0.232615605,0.4188092
100402,PE100402,31,0,28.4156114,17.41042311,39.94209861,0,0,0
100403,PE100403,31,0,28.4156114,17.41042311,39.94209861,0,0,0
100404,PE100404,31,0,28.4156114,17.41042311,39.94209861,0,0,0
100501,PE100501,31,0,28.4156114,17.41042311,39.94209861,0,0,0
100602,PE100602,31,0,28.4156114,17.41042311,39.94209861,0,0,0
100606,PE100606,31,0,28.4156114,17.41042311,39.94209861,0,0,0
100702,PE100702,31,0,28.4156114,17.41042311,39.94209861,0,0,0
100703,PE100703,31,1,28.4156114,17.41042311,39.94209861,0.25329487,0.169412244,0.337177495
100801,PE100801,31,0,28.4156114,17.41042311,39.94209861,0,0,0
100802,PE100802,31,1,28.4156114,17.41042311,39.94209861,0.25329487,0.169412244,0.337177495
100905,PE100905,31,0,28.4156114,17.41042311,39.94209861,0,0,0
220403,PE220403,22,0,28.23585721,17.50898275,39.55680306,0,0,0
220404,PE220404,22,0,28.23585721,17.50898275,39.55680306,0,0,0
220405,PE220405,22,0,28.23585721,17.50898275,39.55680306,0,0,0
220604,PE220604,22,0,28.23585721,17.50898275,39.55680306,0,0,0
220806,PE220806,22,7,28.23585721,17.50898275,39.55680306,0.880430179,0.505865758,1.516386007
220808,PE220808,22,0,28.23585721,17.50898275,39.55680306,0,0,0
221002,PE221002,22,0,28.23585721,17.50898275,39.55680306,0,0,0
221004,PE221004,22,0,28.23585721,17.50898275,39.55680306,0,0,0
80104,PE080104,37,0,27.59622301,16.59452389,39.03468609,0,0,0
80105,PE080105,37,0,27.59622301,16.59452389,39.03468609,0,0,0
80106,PE080106,37,0,27.59622301,16.59452389,39.03468609,0,0,0
80206,PE080206,37,0,27.59622301,16.59452389,39.03468609,0,0,0
80404,PE080404,37,0,27.59622301,16.59452389,39.03468609,0,0,0
80501,PE080501,37,0,27.59622301,16.59452389,39.03468609,0,0,0
80802,PE080802,37,0,27.59622301,16.59452389,39.03468609,0,0,0
81008,PE081008,37,0,27.59622301,16.59452389,39.03468609,0,0,0
81104,PE081104,37,0,27.59622301,16.59452389,39.03468609,0,0,0
81106,PE081106,37,0,27.59622301,16.59452389,39.03468609,0,0,0
81201,PE081201,37,0,27.59622301,16.59452389,39.03468609,0,0,0
81203,PE081203,37,3,27.59622301,16.59452389,39.03468609,0.977137207,0.697846815,1.256427599
81204,PE081204,37,0,27.59622301,16.59452389,39.03468609,0,0,0
81205,PE081205,37,0,27.59622301,16.59452389,39.03468609,0,0,0
81206,PE081206,37,0,27.59622301,16.59452389,39.03468609,0,0,0
81209,PE081209,37,1,27.59622301,16.59452389,39.03468609,0.325712402,0.232615605,0.4188092
81210,PE081210,37,0,27.59622301,16.59452389,39.03468609,0,0,0
81212,PE081212,37,1,27.59622301,16.59452389,39.03468609,0.322704165,0.1844919,0.46091643
81301,PE081301,37,0,27.59622301,16.59452389,39.03468609,0,0,0
81302,PE081302,37,0,27.59622301,16.59452389,39.03468609,0,0,0
81304,PE081304,37,0,27.59622301,16.59452389,39.03468609,0,0,0
220305,PE220305,30,0,27.18735755,16.79944173,38.44657806,0,0,0
220510,PE220510,30,0,27.18735755,16.79944173,38.44657806,0,0,0
220704,PE220704,30,1,27.18735755,16.79944173,38.44657806,0.535367457,0.388602147,0.682132768
130101,PE130101,13,0,25.16464188,14.35099595,36.21603366,0,0,0
130105,PE130105,13,0,25.16464188,14.35099595,36.21603366,0,0,0
130107,PE130107,13,0,25.16464188,14.35099595,36.21603366,0,0,0
130108,PE130108,13,0,25.16464188,14.35099595,36.21603366,0,0,0
130110,PE130110,13,0,25.16464188,14.35099595,36.21603366,0,0,0
130202,PE130202,13,0,25.16464188,14.35099595,36.21603366,0,0,0
130207,PE130207,13,0,25.16464188,14.35099595,36.21603366,0,0,0
130208,PE130208,13,0,25.16464188,14.35099595,36.21603366,0,0,0
130305,PE130305,13,0,25.16464188,14.35099595,36.21603366,0,0,0
130401,PE130401,13,0,25.16464188,14.35099595,36.21603366,0,0,0
130402,PE130402,13,0,25.16464188,14.35099595,36.21603366,0,0,0
130403,PE130403,13,0,25.16464188,14.35099595,36.21603366,0,0,0
130701,PE130701,13,0,25.16464188,14.35099595,36.21603366,0,0,0
130702,PE130702,13,0,25.16464188,14.35099595,36.21603366,0,0,0
130704,PE130704,13,0,25.16464188,14.35099595,36.21603366,0,0,0
130705,PE130705,13,0,25.16464188,14.35099595,36.21603366,0,0,0
130801,PE130801,13,0,25.16464188,14.35099595,36.21603366,0,0,0
130802,PE130802,13,0,25.16464188,14.35099595,36.21603366,0,0,0
130805,PE130805,13,0,25.16464188,14.35099595,36.21603366,0,0,0
130806,PE130806,13,0,25.16464188,14.35099595,36.21603366,0,0,0
130810,PE130810,13,5,25.16464188,14.35099595,36.21603366,1.411309413,0.973467942,1.849150885
130812,PE130812,13,13,25.16464188,14.35099595,36.21603366,3.307548338,1.983655067,4.63144161
130813,PE130813,13,0,25.16464188,14.35099595,36.21603366,0,0,0
130904,PE130904,13,0,25.16464188,14.35099595,36.21603366,0,0,0
131001,PE131001,13,0,25.16464188,14.35099595,36.21603366,0,0,0
131002,PE131002,13,0,25.16464188,14.35099595,36.21603366,0,0,0
131101,PE131101,13,0,25.16464188,14.35099595,36.21603366,0,0,0
131102,PE131102,13,0,25.16464188,14.35099595,36.21603366,0,0,0
131103,PE131103,13,0,25.16464188,14.35099595,36.21603366,0,0,0
131104,PE131104,13,0,25.16464188,14.35099595,36.21603366,0,0,0
131203,PE131203,13,3,25.16464188,14.35099595,36.21603366,0.846237855,0.560378684,1.132097026
