cityid,city_id,ADM3_code,mean_floodday,sd_floodday,min_floodday,max_floodday,avg_percent_change,median_percent_change,percent_change_lower_95,percent_change_upper_95
40103,40103,PE040103,0.584905660377358,1.90221231003509,0,7,14.0056403,14.22028613,8.060388205,19.9508924
120609,120609,PE120609,0.483018867924528,1.75678632159529,0,7,12.86792818,13.06513781,7.405623327,18.33023303
120205,120205,PE120205,0.480503144654088,1.75604310993704,0,7,12.86214346,13.05926443,7.402294161,18.32199276
120407,120407,PE120407,0.480503144654088,1.75604310993704,0,7,12.86214346,13.05926443,7.402294161,18.32199276
120203,120203,PE120203,0.480503144654088,1.75604310993704,0,7,12.86214346,13.05926443,7.402294161,18.32199276
81303,81303,PE081303,0.467924528301887,1.7063860183637,0,7,12.47632192,12.66752991,7.180249946,17.77239389
80601,80601,PE080601,0.466666666666667,1.70636187979557,0,7,12.47613469,12.66733982,7.180142196,17.77212719
150103,150103,PE150103,0.452830188679245,1.68747838201489,0,7,12.3297666,12.51872854,7.095905873,17.56362733
150139,150139,PE150139,0.452830188679245,1.68747838201489,0,7,12.3297666,12.51872854,7.095905873,17.56362733
150143,150143,PE150143,0.452830188679245,1.68747838201489,0,7,12.3297666,12.51872854,7.095905873,17.56362733
160804,160804,PE160804,0.435220125786164,1.67114111923574,0,7,12.20329044,12.39031405,7.023117557,17.38346332
160802,160802,PE160802,0.435220125786164,1.67114111923574,0,7,12.20329044,12.39031405,7.023117557,17.38346332
220902,220902,PE220902,0.426415094339623,1.660189241,0,7,12.11858646,12.30431193,6.97436956,17.26280337
220204,220204,PE220204,0.426415094339623,1.660189241,0,7,12.11858646,12.30431193,6.97436956,17.26280337
220506,220506,PE220506,0.426415094339623,1.660189241,0,7,12.11858646,12.30431193,6.97436956,17.26280337
90305,90305,PE090305,0.430188679245283,1.64664205737342,0,7,12.01389956,12.19802062,6.914121183,17.11367793
21401,21401,PE021401,0.371069182389937,1.55160378196733,0,7,11.2822644,11.45517266,6.493057719,16.07147107
22006,22006,PE022006,0.371069182389937,1.55160378196733,0,7,11.2822644,11.45517266,6.493057719,16.07147107
250304,250304,PE250304,0.366037735849057,1.54629769051519,0,7,11.24155947,11.41384391,6.469631623,16.01348733
250305,250305,PE250305,0.366037735849057,1.54629769051519,0,7,11.24155947,11.41384391,6.469631623,16.01348733
80101,80101,PE080101,0.363993710691824,1.51428314125984,0,7,11.00681734,11.16480993,6.334535141,15.67909954
80408,80408,PE080408,0.363993710691824,1.51428314125984,0,7,11.00681734,11.16480993,6.334535141,15.67909954
30106,30106,PE030106,0.358490566037736,1.51434375669791,0,7,10.99674838,11.16528092,6.328740352,15.66475641
120124,120124,PE120124,0.349056603773585,1.50556765498886,0,7,10.94007599,11.09711057,6.296124817,15.58402717
120135,120135,PE120135,0.349056603773585,1.50556765498886,0,7,10.94007599,11.09711057,6.296124817,15.58402717
120608,120608,PE120608,0.35062893081761,1.50520196774194,0,7,10.93727652,11.09427092,6.294513695,15.58003935
120602,120602,PE120602,0.35062893081761,1.50520196774194,0,7,10.93727652,11.09427092,6.294513695,15.58003935
120603,120603,PE120603,0.35062893081761,1.50520196774194,0,7,10.93727652,11.09427092,6.294513695,15.58003935
120604,120604,PE120699,0.35062893081761,1.50520196774194,0,7,10.93727652,11.09427092,6.294513695,15.58003935
120606,120606,PE120699,0.35062893081761,1.50520196774194,0,7,10.93727652,11.09427092,6.294513695,15.58003935
120605,120605,PE120605,0.35062893081761,1.50520196774194,0,7,10.93727652,11.09427092,6.294513695,15.58003935
120601,120601,PE120601,0.35062893081761,1.50520196774194,0,7,10.93727652,11.09427092,6.294513695,15.58003935
120607,120607,PE120607,0.35062893081761,1.50520196774194,0,7,10.93727652,11.09427092,6.294513695,15.58003935
90208,90208,PE090208,0.356132075471698,1.50416996299807,0,7,10.92937654,11.08625755,6.289967177,15.56878591
80912,80912,PE080912,0.361006289308176,1.50289024444973,0,7,10.90913175,11.07632151,6.278316092,15.53994741
80913,80913,PE080913,0.361006289308176,1.50289024444973,0,7,10.90913175,11.07632151,6.278316092,15.53994741
80911,80911,PE080911,0.361006289308176,1.50289024444973,0,7,10.90913175,11.07632151,6.278316092,15.53994741
80914,80914,PE080914,0.361006289308176,1.50289024444973,0,7,10.90913175,11.07632151,6.278316092,15.53994741
80916,80916,PE080914,0.361006289308176,1.50289024444973,0,7,10.90913175,11.07632151,6.278316092,15.53994741
80918,80918,PE080914,0.361006289308176,1.50289024444973,0,7,10.90913175,11.07632151,6.278316092,15.53994741
200115,200115,PE200115,0.332075471698113,1.45734138888864,0,7,10.56138721,10.72324755,6.07818558,15.04458885
150111,150111,PE150111,0.331761006289308,1.45588062668979,0,7,10.56035888,10.71194298,6.077593767,15.043124
150110,150110,PE150110,0.331761006289308,1.45588062668979,0,7,10.56035888,10.71194298,6.077593767,15.043124
220906,220906,PE220906,0.320754716981132,1.44534088973729,0,7,10.47998174,10.6304121,6.031335903,14.92862757
220911,220911,PE220911,0.320754716981132,1.44534088973729,0,7,10.47998174,10.6304121,6.031335903,14.92862757
220905,220905,PE220905,0.320754716981132,1.44534088973729,0,7,10.47998174,10.6304121,6.031335903,14.92862757
220907,220907,PE220907,0.320754716981132,1.44534088973729,0,7,10.47998174,10.6304121,6.031335903,14.92862757
220503,220503,PE220503,0.320754716981132,1.44534088973729,0,7,10.47998174,10.6304121,6.031335903,14.92862757
220504,220504,PE220504,0.320754716981132,1.44534088973729,0,7,10.47998174,10.6304121,6.031335903,14.92862757
220703,220703,PE220703,0.320754716981132,1.44534088973729,0,7,10.47998174,10.6304121,6.031335903,14.92862757
220701,220701,PE220701,0.320754716981132,1.44534088973729,0,7,10.47998174,10.6304121,6.031335903,14.92862757
220705,220705,PE220705,0.320754716981132,1.44534088973729,0,7,10.47998174,10.6304121,6.031335903,14.92862757
220707,220707,PE220707,0.320754716981132,1.44534088973729,0,7,10.47998174,10.6304121,6.031335903,14.92862757
220910,220910,PE220910,0.320754716981132,1.44534088973729,0,7,10.47998174,10.6304121,6.031335903,14.92862757
220706,220706,PE220706,0.320754716981132,1.44534088973729,0,7,10.47998174,10.6304121,6.031335903,14.92862757
220206,220206,PE220206,0.320754716981132,1.44534088973729,0,7,10.47998174,10.6304121,6.031335903,14.92862757
220201,220201,PE220201,0.320754716981132,1.44534088973729,0,7,10.47998174,10.6304121,6.031335903,14.92862757
220505,220505,PE220505,0.320754716981132,1.44534088973729,0,7,10.47998174,10.6304121,6.031335903,14.92862757
220507,220507,PE220507,0.320754716981132,1.44534088973729,0,7,10.47998174,10.6304121,6.031335903,14.92862757
220903,220903,PE220903,0.320754716981132,1.44534088973729,0,7,10.47998174,10.6304121,6.031335903,14.92862757
220908,220908,PE220908,0.320754716981132,1.44534088973729,0,7,10.47998174,10.6304121,6.031335903,14.92862757
220709,220709,PE220709,0.320754716981132,1.44534088973729,0,7,10.47998174,10.6304121,6.031335903,14.92862757
220901,220901,PE220901,0.320754716981132,1.44534088973729,0,7,10.47998174,10.6304121,6.031335903,14.92862757
220205,220205,PE220205,0.320754716981132,1.44534088973729,0,7,10.47998174,10.6304121,6.031335903,14.92862757
220702,220702,PE220702,0.320754716981132,1.44534088973729,0,7,10.47998174,10.6304121,6.031335903,14.92862757
220301,220301,PE220301,0.320754716981132,1.44534088973729,0,7,10.47998174,10.6304121,6.031335903,14.92862757
220302,220302,PE220302,0.320754716981132,1.44534088973729,0,7,10.47998174,10.6304121,6.031335903,14.92862757
220913,220913,PE220913,0.320754716981132,1.44534088973729,0,7,10.47998174,10.6304121,6.031335903,14.92862757
220904,220904,PE220904,0.320754716981132,1.44534088973729,0,7,10.47998174,10.6304121,6.031335903,14.92862757
220912,220912,PE220912,0.320754716981132,1.44534088973729,0,7,10.47998174,10.6304121,6.031335903,14.92862757
220710,220710,PE220710,0.320754716981132,1.44534088973729,0,7,10.47998174,10.6304121,6.031335903,14.92862757
220511,220511,PE220511,0.320754716981132,1.44534088973729,0,7,10.47998174,10.6304121,6.031335903,14.92862757
220304,220304,PE220304,0.320754716981132,1.44534088973729,0,7,10.47998174,10.6304121,6.031335903,14.92862757
220909,220909,PE220909,0.320754716981132,1.44534088973729,0,7,10.47998174,10.6304121,6.031335903,14.92862757
220708,220708,PE220708,0.320754716981132,1.44534088973729,0,7,10.47998174,10.6304121,6.031335903,14.92862757
220203,220203,PE220203,0.320754716981132,1.44534088973729,0,7,10.47998174,10.6304121,6.031335903,14.92862757
220508,220508,PE220508,0.320754716981132,1.44534088973729,0,7,10.47998174,10.6304121,6.031335903,14.92862757
220102,220102,PE220102,0.320754716981132,1.44534088973729,0,7,10.47998174,10.6304121,6.031335903,14.92862757
220104,220104,PE220104,0.320754716981132,1.44534088973729,0,7,10.47998174,10.6304121,6.031335903,14.92862757
220202,220202,PE220202,0.320754716981132,1.44534088973729,0,7,10.47998174,10.6304121,6.031335903,14.92862757
220106,220106,PE220106,0.320754716981132,1.44534088973729,0,7,10.47998174,10.6304121,6.031335903,14.92862757
220105,220105,PE220105,0.320754716981132,1.44534088973729,0,7,10.47998174,10.6304121,6.031335903,14.92862757
220501,220501,PE220501,0.320754716981132,1.44534088973729,0,7,10.47998174,10.6304121,6.031335903,14.92862757
220502,220502,PE220502,0.320754716981132,1.44534088973729,0,7,10.47998174,10.6304121,6.031335903,14.92862757
220101,220101,PE220101,0.320754716981132,1.44534088973729,0,7,10.47998174,10.6304121,6.031335903,14.92862757
220303,220303,PE220303,0.320754716981132,1.44534088973729,0,7,10.47998174,10.6304121,6.031335903,14.92862757
130102,130102,PE130102,0.325786163522013,1.44357404546678,0,7,10.45649759,10.61675043,6.017820536,14.89517464
140109,140109,PE140109,0.319496855345912,1.43404441135226,0,7,10.383953,10.54309405,5.976070391,14.79183562
90601,90601,PE090601,0.322012578616352,1.43084269082486,0,7,10.35959067,10.51835834,5.962049618,14.75713171
90703,90703,PE090703,0.322012578616352,1.43084269082486,0,7,10.35959067,10.51835834,5.962049618,14.75713171
160301,160301,PE160301,0.312893081761006,1.4273567901337,0,7,10.34296974,10.49143342,5.952484106,14.73345537
160302,160302,PE160302,0.312893081761006,1.4273567901337,0,7,10.34296974,10.49143342,5.952484106,14.73345537
160303,160303,PE160303,0.312893081761006,1.4273567901337,0,7,10.34296974,10.49143342,5.952484106,14.73345537
160304,160304,PE160304,0.312893081761006,1.4273567901337,0,7,10.34296974,10.49143342,5.952484106,14.73345537
160305,160305,PE160305,0.312893081761006,1.4273567901337,0,7,10.34296974,10.49143342,5.952484106,14.73345537
50409,50409,PE050409,0.313207547169811,1.42707329431551,0,7,10.33091579,10.489244,5.945546936,14.71628464
50406,50406,PE050406,0.313207547169811,1.42707329431551,0,7,10.33091579,10.489244,5.945546936,14.71628464
50410,50410,PE050410,0.313207547169811,1.42707329431551,0,7,10.33091579,10.489244,5.945546936,14.71628464
61004,61004,PE061004,0.310691823899371,1.42497475318872,0,7,10.31495486,10.47303846,5.93636126,14.69354846
160211,160211,PE160211,0.310534591194969,1.42041395227333,0,7,10.29012174,10.43782684,5.922069546,14.65817393
160205,160205,PE160205,0.310534591194969,1.42041395227333,0,7,10.29012174,10.43782684,5.922069546,14.65817393
160210,160210,PE160210,0.310534591194969,1.42041395227333,0,7,10.29012174,10.43782684,5.922069546,14.65817393
160201,160201,PE160201,0.310534591194969,1.42041395227333,0,7,10.29012174,10.43782684,5.922069546,14.65817393
160206,160206,PE160206,0.310534591194969,1.42041395227333,0,7,10.29012174,10.43782684,5.922069546,14.65817393
160202,160202,PE160202,0.310534591194969,1.42041395227333,0,7,10.29012174,10.43782684,5.922069546,14.65817393
221005,221005,PE221005,0.307389937106918,1.41888203422919,0,7,10.27846443,10.42600219,5.915360644,14.64156821
220805,220805,PE220805,0.307389937106918,1.41888203422919,0,7,10.27846443,10.42600219,5.915360644,14.64156821
220802,220802,PE220802,0.307389937106918,1.41888203422919,0,7,10.27846443,10.42600219,5.915360644,14.64156821
220402,220402,PE220402,0.307389937106918,1.41888203422919,0,7,10.27846443,10.42600219,5.915360644,14.64156821
220605,220605,PE220605,0.307389937106918,1.41888203422919,0,7,10.27846443,10.42600219,5.915360644,14.64156821
221003,221003,PE221003,0.307389937106918,1.41888203422919,0,7,10.27846443,10.42600219,5.915360644,14.64156821
220401,220401,PE220401,0.307389937106918,1.41888203422919,0,7,10.27846443,10.42600219,5.915360644,14.64156821
220803,220803,PE220803,0.307389937106918,1.41888203422919,0,7,10.27846443,10.42600219,5.915360644,14.64156821
220804,220804,PE220804,0.307389937106918,1.41888203422919,0,7,10.27846443,10.42600219,5.915360644,14.64156821
220807,220807,PE220807,0.307389937106918,1.41888203422919,0,7,10.27846443,10.42600219,5.915360644,14.64156821
220809,220809,PE220809,0.307389937106918,1.41888203422919,0,7,10.27846443,10.42600219,5.915360644,14.64156821
221001,221001,PE221001,0.307389937106918,1.41888203422919,0,7,10.27846443,10.42600219,5.915360644,14.64156821
220603,220603,PE220603,0.307389937106918,1.41888203422919,0,7,10.27846443,10.42600219,5.915360644,14.64156821
220601,220601,PE220601,0.307389937106918,1.41888203422919,0,7,10.27846443,10.42600219,5.915360644,14.64156821
220406,220406,PE220406,0.307389937106918,1.41888203422919,0,7,10.27846443,10.42600219,5.915360644,14.64156821
220602,220602,PE220602,0.307389937106918,1.41888203422919,0,7,10.27846443,10.42600219,5.915360644,14.64156821
220801,220801,PE220801,0.307389937106918,1.41888203422919,0,7,10.27846443,10.42600219,5.915360644,14.64156821
100701,100701,PE100701,0.312106918238994,1.41840591408241,0,7,10.27484159,10.42232735,5.913275664,14.63640751
160706,160706,PE160706,0.301100628930818,1.40239158968732,0,7,10.15305744,10.2987951,5.843187647,14.46292722
160103,160103,PE160103,0.301100628930818,1.40239158968732,0,7,10.15305744,10.2987951,5.843187647,14.46292722
160105,160105,PE160105,0.301100628930818,1.40239158968732,0,7,10.15305744,10.2987951,5.843187647,14.46292722
160502,160502,PE160502,0.301100628930818,1.40239158968732,0,7,10.15305744,10.2987951,5.843187647,14.46292722
160705,160705,PE160705,0.301100628930818,1.40239158968732,0,7,10.15305744,10.2987951,5.843187647,14.46292722
160703,160703,PE160703,0.301100628930818,1.40239158968732,0,7,10.15305744,10.2987951,5.843187647,14.46292722
160505,160505,PE160505,0.301100628930818,1.40239158968732,0,7,10.15305744,10.2987951,5.843187647,14.46292722
160507,160507,PE160507,0.301100628930818,1.40239158968732,0,7,10.15305744,10.2987951,5.843187647,14.46292722
160112,160112,PE160112,0.301100628930818,1.40239158968732,0,7,10.15305744,10.2987951,5.843187647,14.46292722
160701,160701,PE160701,0.301100628930818,1.40239158968732,0,7,10.15305744,10.2987951,5.843187647,14.46292722
160107,160107,PE160107,0.301100628930818,1.40239158968732,0,7,10.15305744,10.2987951,5.843187647,14.46292722
160110,160110,PE160110,0.301100628930818,1.40239158968732,0,7,10.15305744,10.2987951,5.843187647,14.46292722
160101,160101,PE160101,0.301100628930818,1.40239158968732,0,7,10.15305744,10.2987951,5.843187647,14.46292722
160102,160102,PE160102,0.301100628930818,1.40239158968732,0,7,10.15305744,10.2987951,5.843187647,14.46292722
160113,160113,PE160113,0.301100628930818,1.40239158968732,0,7,10.15305744,10.2987951,5.843187647,14.46292722
160603,160603,PE160603,0.301100628930818,1.40239158968732,0,7,10.15305744,10.2987951,5.843187647,14.46292722
160106,160106,PE160106,0.301100628930818,1.40239158968732,0,7,10.15305744,10.2987951,5.843187647,14.46292722
160510,160510,PE160510,0.301100628930818,1.40239158968732,0,7,10.15305744,10.2987951,5.843187647,14.46292722
160108,160108,PE160108,0.301100628930818,1.40239158968732,0,7,10.15305744,10.2987951,5.843187647,14.46292722
160401,160401,PE160401,0.301100628930818,1.40239158968732,0,7,10.15305744,10.2987951,5.843187647,14.46292722
160503,160503,PE160503,0.301100628930818,1.40239158968732,0,7,10.15305744,10.2987951,5.843187647,14.46292722
160702,160702,PE160702,0.301100628930818,1.40239158968732,0,7,10.15305744,10.2987951,5.843187647,14.46292722
160403,160403,PE160403,0.301100628930818,1.40239158968732,0,7,10.15305744,10.2987951,5.843187647,14.46292722
160606,160606,PE160606,0.301100628930818,1.40239158968732,0,7,10.15305744,10.2987951,5.843187647,14.46292722
160508,160508,PE160508,0.301100628930818,1.40239158968732,0,7,10.15305744,10.2987951,5.843187647,14.46292722
160104,160104,PE160104,0.301100628930818,1.40239158968732,0,7,10.15305744,10.2987951,5.843187647,14.46292722
160704,160704,PE160704,0.301100628930818,1.40239158968732,0,7,10.15305744,10.2987951,5.843187647,14.46292722
160509,160509,PE160509,0.301100628930818,1.40239158968732,0,7,10.15305744,10.2987951,5.843187647,14.46292722
160402,160402,PE160402,0.301100628930818,1.40239158968732,0,7,10.15305744,10.2987951,5.843187647,14.46292722
160511,160511,PE160511,0.301100628930818,1.40239158968732,0,7,10.15305744,10.2987951,5.843187647,14.46292722
160601,160601,PE160601,0.301100628930818,1.40239158968732,0,7,10.15305744,10.2987951,5.843187647,14.46292722
160504,160504,PE160504,0.301100628930818,1.40239158968732,0,7,10.15305744,10.2987951,5.843187647,14.46292722
160506,160506,PE160506,0.301100628930818,1.40239158968732,0,7,10.15305744,10.2987951,5.843187647,14.46292722
160605,160605,PE160605,0.301100628930818,1.40239158968732,0,7,10.15305744,10.2987951,5.843187647,14.46292722
160501,160501,PE160501,0.301100628930818,1.40239158968732,0,7,10.15305744,10.2987951,5.843187647,14.46292722
160602,160602,PE160602,0.301100628930818,1.40239158968732,0,7,10.15305744,10.2987951,5.843187647,14.46292722
160404,160404,PE160404,0.301100628930818,1.40239158968732,0,7,10.15305744,10.2987951,5.843187647,14.46292722
160604,160604,PE160604,0.301100628930818,1.40239158968732,0,7,10.15305744,10.2987951,5.843187647,14.46292722
160803,160803,PE160803,0.300314465408805,1.40227977642552,0,7,10.15220761,10.29793308,5.842698563,14.46171665
160801,160801,PE160801,0.300314465408805,1.40227977642552,0,7,10.15220761,10.29793308,5.842698563,14.46171665
220103,220103,PE220103,0.320754716981132,1.44534088973729,0,7,10.04540514,10.6304121,5.781232659,14.30957763
190308,190308,PE190308,0.293081761006289,1.38119429105001,0,7,9.982506019,10.13549462,5.745033575,14.21997846
210211,210211,PE210211,0.306079664570231,1.37757579133314,0,7,9.980502305,10.10764246,5.743880418,14.21712419
210204,210204,PE210204,0.306079664570231,1.37757579133314,0,7,9.980502305,10.10764246,5.743880418,14.21712419
210601,210601,PE210601,0.306079664570231,1.37757579133314,0,7,9.980502305,10.10764246,5.743880418,14.21712419
250301,250301,PE250301,0.286949685534591,1.36905883031569,0,7,9.9000085,10.04211388,5.697555415,14.10246158
250302,250302,PE250302,0.286949685534591,1.36905883031569,0,7,9.9000085,10.04211388,5.697555415,14.10246158
250303,250303,PE250303,0.286949685534591,1.36905883031569,0,7,9.9000085,10.04211388,5.697555415,14.10246158
80904,80904,PE080904,0.297955974842767,1.36900461336689,0,7,9.899597387,10.04169687,5.697318815,14.10187596
80906,80906,PE080906,0.297955974842767,1.36900461336689,0,7,9.899597387,10.04169687,5.697318815,14.10187596
80905,80905,PE080905,0.297955974842767,1.36900461336689,0,7,9.899597387,10.04169687,5.697318815,14.10187596
80910,80910,PE080910,0.297955974842767,1.36900461336689,0,7,9.899597387,10.04169687,5.697318815,14.10187596
80902,80902,PE080902,0.297955974842767,1.36900461336689,0,7,9.899597387,10.04169687,5.697318815,14.10187596
80907,80907,PE080907,0.297955974842767,1.36900461336689,0,7,9.899597387,10.04169687,5.697318815,14.10187596
80901,80901,PE080901,0.297955974842767,1.36900461336689,0,7,9.899597387,10.04169687,5.697318815,14.10187596
80909,80909,PE080909,0.297955974842767,1.36900461336689,0,7,9.899597387,10.04169687,5.697318815,14.10187596
80903,80903,PE080903,0.297955974842767,1.36900461336689,0,7,9.899597387,10.04169687,5.697318815,14.10187596
80908,80908,PE080908,0.297955974842767,1.36900461336689,0,7,9.899597387,10.04169687,5.697318815,14.10187596
250105,250105,PE250105,0.283805031446541,1.3651116460475,0,7,9.870082083,10.0117579,5.680332458,14.05983171
250201,250201,PE250201,0.283805031446541,1.3651116460475,0,7,9.870082083,10.0117579,5.680332458,14.05983171
250401,250401,PE250401,0.283805031446541,1.3651116460475,0,7,9.870082083,10.0117579,5.680332458,14.05983171
250101,250101,PE250101,0.283805031446541,1.3651116460475,0,7,9.870082083,10.0117579,5.680332458,14.05983171
250104,250104,PE250104,0.283805031446541,1.3651116460475,0,7,9.870082083,10.0117579,5.680332458,14.05983171
250106,250106,PE250106,0.283805031446541,1.3651116460475,0,7,9.870082083,10.0117579,5.680332458,14.05983171
250204,250204,PE250204,0.283805031446541,1.3651116460475,0,7,9.870082083,10.0117579,5.680332458,14.05983171
250103,250103,PE250103,0.283805031446541,1.3651116460475,0,7,9.870082083,10.0117579,5.680332458,14.05983171
250102,250102,PE250102,0.283805031446541,1.3651116460475,0,7,9.870082083,10.0117579,5.680332458,14.05983171
250107,250107,PE250107,0.283805031446541,1.3651116460475,0,7,9.870082083,10.0117579,5.680332458,14.05983171
250203,250203,PE250203,0.283805031446541,1.3651116460475,0,7,9.870082083,10.0117579,5.680332458,14.05983171
250202,250202,PE250202,0.283805031446541,1.3651116460475,0,7,9.870082083,10.0117579,5.680332458,14.05983171
30101,30101,PE030101,0.286949685534591,1.3575164081552,0,7,9.812520396,9.953369971,5.647205123,13.97783567
30605,30605,PE030605,0.286949685534591,1.3575164081552,0,7,9.812520396,9.953369971,5.647205123,13.97783567
30604,30604,PE030604,0.286949685534591,1.3575164081552,0,7,9.812520396,9.953369971,5.647205123,13.97783567
30104,30104,PE030104,0.286949685534591,1.3575164081552,0,7,9.812520396,9.953369971,5.647205123,13.97783567
30208,30208,PE030208,0.286949685534591,1.3575164081552,0,7,9.812520396,9.953369971,5.647205123,13.97783567
30606,30606,PE030606,0.286949685534591,1.3575164081552,0,7,9.812520396,9.953369971,5.647205123,13.97783567
90718,90718,PE090718,0.288522012578616,1.35660299744253,0,7,9.80560003,9.946350269,5.643222382,13.96797768
90715,90715,PE090715,0.288522012578616,1.35660299744253,0,7,9.80560003,9.946350269,5.643222382,13.96797768
90717,90717,PE090717,0.288522012578616,1.35660299744253,0,7,9.80560003,9.946350269,5.643222382,13.96797768
90705,90705,PE090705,0.288522012578616,1.35660299744253,0,7,9.80560003,9.946350269,5.643222382,13.96797768
90707,90707,PE090707,0.288522012578616,1.35660299744253,0,7,9.80560003,9.946350269,5.643222382,13.96797768
120301,120301,PE120301,0.279088050314465,1.35567802115414,0,7,9.798592488,9.939242141,5.639189471,13.95799551
120303,120303,PE120303,0.279088050314465,1.35567802115414,0,7,9.798592488,9.939242141,5.639189471,13.95799551
120306,120306,PE120306,0.279088050314465,1.35567802115414,0,7,9.798592488,9.939242141,5.639189471,13.95799551
120305,120305,PE120305,0.279088050314465,1.35567802115414,0,7,9.798592488,9.939242141,5.639189471,13.95799551
120304,120304,PE120304,0.279088050314465,1.35567802115414,0,7,9.798592488,9.939242141,5.639189471,13.95799551
120501,120501,PE120501,0.279088050314465,1.35567802115414,0,7,9.798592488,9.939242141,5.639189471,13.95799551
120302,120302,PE120302,0.279088050314465,1.35567802115414,0,7,9.798592488,9.939242141,5.639189471,13.95799551
20802,20802,PE020802,0.263364779874214,1.31408061656466,0,7,9.483921961,9.620054812,5.458093387,13.50975054
21809,21809,PE021809,0.263364779874214,1.31408061656466,0,7,9.483921961,9.620054812,5.458093387,13.50975054
21805,21805,PE021805,0.263364779874214,1.31408061656466,0,7,9.483921961,9.620054812,5.458093387,13.50975054
21101,21101,PE021101,0.263364779874214,1.31408061656466,0,7,9.483921961,9.620054812,5.458093387,13.50975054
21801,21801,PE021801,0.263364779874214,1.31408061656466,0,7,9.483921961,9.620054812,5.458093387,13.50975054
21510,21510,PE021510,0.260220125786164,1.30991112015074,0,7,9.452431528,9.588112363,5.439970323,13.46489273
21603,21603,PE021603,0.260220125786164,1.30991112015074,0,7,9.452431528,9.588112363,5.439970323,13.46489273
22005,22005,PE022005,0.260220125786164,1.30991112015074,0,7,9.452431528,9.588112363,5.439970323,13.46489273
150501,150501,PE150501,0.260220125786164,1.29723640718146,0,7,9.356761143,9.491068719,5.384911045,13.32861124
211101,211101,PE211101,0.266247379454927,1.29087503936139,0,7,9.323623178,9.442395448,5.36583981,13.28140655
210701,210701,PE210701,0.266247379454927,1.29087503936139,0,7,9.323623178,9.442395448,5.36583981,13.28140655
100605,100605,PE100605,0.242138364779874,1.25549034485222,0,7,9.042255059,9.172048194,5.2039096,12.88060052
100603,100603,PE100603,0.242138364779874,1.25549034485222,0,7,9.042255059,9.172048194,5.2039096,12.88060052
100604,100604,PE100604,0.242138364779874,1.25549034485222,0,7,9.042255059,9.172048194,5.2039096,12.88060052
100601,100601,PE100601,0.242138364779874,1.25549034485222,0,7,9.042255059,9.172048194,5.2039096,12.88060052
100507,100507,PE100507,0.241352201257862,1.25407435880593,0,7,9.0316034,9.161243641,5.197779463,12.86542734
100904,100904,PE100904,0.239779874213836,1.25312108806024,0,7,9.02443308,9.153970397,5.19365287,12.85521329
100901,100901,PE100901,0.239779874213836,1.25312108806024,0,7,9.02443308,9.153970397,5.19365287,12.85521329
100903,100903,PE100903,0.239779874213836,1.25312108806024,0,7,9.02443308,9.153970397,5.19365287,12.85521329
100902,100902,PE100902,0.239779874213836,1.25312108806024,0,7,9.02443308,9.153970397,5.19365287,12.85521329
100101,100101,PE100101,0.239779874213836,1.25312108806024,0,7,9.02443308,9.153970397,5.19365287,12.85521329
200104,200104,PE200104,0.242138364779874,1.25298114492046,0,7,9.023380494,9.152902702,5.193047097,12.85371389
200105,200105,PE200105,0.242138364779874,1.25298114492046,0,7,9.023380494,9.152902702,5.193047097,12.85371389
200109,200109,PE200109,0.242138364779874,1.25298114492046,0,7,9.023380494,9.152902702,5.193047097,12.85371389
200107,200107,PE200107,0.242138364779874,1.25298114492046,0,7,9.023380494,9.152902702,5.193047097,12.85371389
200114,200114,PE200114,0.242138364779874,1.25298114492046,0,7,9.023380494,9.152902702,5.193047097,12.85371389
200111,200111,PE200111,0.242138364779874,1.25298114492046,0,7,9.023380494,9.152902702,5.193047097,12.85371389
200101,200101,PE200101,0.242138364779874,1.25298114492046,0,7,9.023380494,9.152902702,5.193047097,12.85371389
50405,50405,PE050405,0.238993710691824,1.25107221109725,0,7,9.009023435,9.138339561,5.184784463,12.83326241
50408,50408,PE050408,0.238993710691824,1.25107221109725,0,7,9.009023435,9.138339561,5.184784463,12.83326241
50402,50402,PE050402,0.238993710691824,1.25107221109725,0,7,9.009023435,9.138339561,5.184784463,12.83326241
50407,50407,PE050407,0.238993710691824,1.25107221109725,0,7,9.009023435,9.138339561,5.184784463,12.83326241
50401,50401,PE050401,0.238993710691824,1.25107221109725,0,7,9.009023435,9.138339561,5.184784463,12.83326241
200405,200405,PE200405,0.238993710691824,1.24855413214198,0,7,8.990087935,9.11913226,5.173886891,12.80628898
200404,200404,PE200404,0.238993710691824,1.24855413214198,0,7,8.990087935,9.11913226,5.173886891,12.80628898
200608,200608,PE200608,0.238993710691824,1.24855413214198,0,7,8.990087935,9.11913226,5.173886891,12.80628898
200306,200306,PE200306,0.238993710691824,1.24855413214198,0,7,8.990087935,9.11913226,5.173886891,12.80628898
200302,200302,PE200302,0.238993710691824,1.24855413214198,0,7,8.990087935,9.11913226,5.173886891,12.80628898
200403,200403,PE200403,0.238993710691824,1.24855413214198,0,7,8.990087935,9.11913226,5.173886891,12.80628898
200604,200604,PE200604,0.238993710691824,1.24855413214198,0,7,8.990087935,9.11913226,5.173886891,12.80628898
200601,200601,PE200601,0.238993710691824,1.24855413214198,0,7,8.990087935,9.11913226,5.173886891,12.80628898
200603,200603,PE200603,0.238993710691824,1.24855413214198,0,7,8.990087935,9.11913226,5.173886891,12.80628898
200605,200605,PE200605,0.238993710691824,1.24855413214198,0,7,8.990087935,9.11913226,5.173886891,12.80628898
200607,200607,PE200607,0.238993710691824,1.24855413214198,0,7,8.990087935,9.11913226,5.173886891,12.80628898
200408,200408,PE200408,0.238993710691824,1.24855413214198,0,7,8.990087935,9.11913226,5.173886891,12.80628898
200406,200406,PE200406,0.238993710691824,1.24855413214198,0,7,8.990087935,9.11913226,5.173886891,12.80628898
200304,200304,PE200304,0.238993710691824,1.24855413214198,0,7,8.990087935,9.11913226,5.173886891,12.80628898
200402,200402,PE200402,0.238993710691824,1.24855413214198,0,7,8.990087935,9.11913226,5.173886891,12.80628898
200301,200301,PE200301,0.238993710691824,1.24855413214198,0,7,8.990087935,9.11913226,5.173886891,12.80628898
200409,200409,PE200409,0.238993710691824,1.24855413214198,0,7,8.990087935,9.11913226,5.173886891,12.80628898
200602,200602,PE200602,0.238993710691824,1.24855413214198,0,7,8.990087935,9.11913226,5.173886891,12.80628898
200606,200606,PE200606,0.238993710691824,1.24855413214198,0,7,8.990087935,9.11913226,5.173886891,12.80628898
200401,200401,PE200401,0.238993710691824,1.24855413214198,0,7,8.990087935,9.11913226,5.173886891,12.80628898
200207,200207,PE200207,0.237421383647799,1.24759366876533,0,7,8.982866302,9.111806967,5.169730768,12.79600184
200204,200204,PE200204,0.237421383647799,1.24759366876533,0,7,8.982866302,9.111806967,5.169730768,12.79600184
200208,200208,PE200208,0.237421383647799,1.24759366876533,0,7,8.982866302,9.111806967,5.169730768,12.79600184
200201,200201,PE200201,0.237421383647799,1.24759366876533,0,7,8.982866302,9.111806967,5.169730768,12.79600184
200203,200203,PE200203,0.237421383647799,1.24759366876533,0,7,8.982866302,9.111806967,5.169730768,12.79600184
200210,200210,PE200210,0.237421383647799,1.24759366876533,0,7,8.982866302,9.111806967,5.169730768,12.79600184
200209,200209,PE200209,0.237421383647799,1.24759366876533,0,7,8.982866302,9.111806967,5.169730768,12.79600184
200701,200701,PE200701,0.237421383647799,1.24759366876533,0,7,8.982866302,9.111806967,5.169730768,12.79600184
200501,200501,PE200501,0.237421383647799,1.24759366876533,0,7,8.982866302,9.111806967,5.169730768,12.79600184
200802,200802,PE200802,0.237421383647799,1.24759366876533,0,7,8.982866302,9.111806967,5.169730768,12.79600184
200505,200505,PE200505,0.237421383647799,1.24759366876533,0,7,8.982866302,9.111806967,5.169730768,12.79600184
200506,200506,PE200506,0.237421383647799,1.24759366876533,0,7,8.982866302,9.111806967,5.169730768,12.79600184
200706,200706,PE200706,0.237421383647799,1.24759366876533,0,7,8.982866302,9.111806967,5.169730768,12.79600184
40312,40312,PE040312,0.238993710691824,1.23393433505907,0,7,8.894378543,9.007682728,5.118805164,12.66995192
40306,40306,PE040306,0.238993710691824,1.23393433505907,0,7,8.894378543,9.007682728,5.118805164,12.66995192
140116,140116,PE140116,0.234276729559748,1.2355173711219,0,7,8.892107119,9.01974502,5.117497936,12.6667163
140102,140102,PE140102,0.234276729559748,1.2355173711219,0,7,8.892107119,9.01974502,5.117497936,12.6667163
140101,140101,PE140101,0.234276729559748,1.2355173711219,0,7,8.892107119,9.01974502,5.117497936,12.6667163
140105,140105,PE140105,0.234276729559748,1.2355173711219,0,7,8.892107119,9.01974502,5.117497936,12.6667163
140302,140302,PE140302,0.231132075471698,1.23100745836818,0,7,8.858232598,8.985384262,5.098002806,12.61846239
140307,140307,PE140307,0.231132075471698,1.23100745836818,0,7,8.858232598,8.985384262,5.098002806,12.61846239
140202,140202,PE140202,0.231132075471698,1.23100745836818,0,7,8.858232598,8.985384262,5.098002806,12.61846239
140308,140308,PE140308,0.231132075471698,1.23100745836818,0,7,8.858232598,8.985384262,5.098002806,12.61846239
140304,140304,PE140304,0.231132075471698,1.23100745836818,0,7,8.858232598,8.985384262,5.098002806,12.61846239
140310,140310,PE140310,0.231132075471698,1.23100745836818,0,7,8.858232598,8.985384262,5.098002806,12.61846239
140309,140309,PE140309,0.231132075471698,1.23100745836818,0,7,8.858232598,8.985384262,5.098002806,12.61846239
60802,60802,PE060802,0.230345911949686,1.22955623492928,0,7,8.847334548,8.97432978,5.091730867,12.60293823
60807,60807,PE060807,0.230345911949686,1.22955623492928,0,7,8.847334548,8.97432978,5.091730867,12.60293823
60808,60808,PE060808,0.230345911949686,1.22955623492928,0,7,8.847334548,8.97432978,5.091730867,12.60293823
60810,60810,PE060810,0.230345911949686,1.22955623492928,0,7,8.847334548,8.97432978,5.091730867,12.60293823
60804,60804,PE060804,0.230345911949686,1.22955623492928,0,7,8.847334548,8.97432978,5.091730867,12.60293823
60801,60801,PE060801,0.230345911949686,1.22955623492928,0,7,8.847334548,8.97432978,5.091730867,12.60293823
60601,60601,PE060601,0.22877358490566,1.22856984358899,0,7,8.839927813,8.966816729,5.087468216,12.59238741
60203,60203,PE060203,0.22877358490566,1.22856984358899,0,7,8.839927813,8.966816729,5.087468216,12.59238741
60302,60302,PE060302,0.22877358490566,1.22856984358899,0,7,8.839927813,8.966816729,5.087468216,12.59238741
60303,60303,PE060303,0.22877358490566,1.22856984358899,0,7,8.839927813,8.966816729,5.087468216,12.59238741
60201,60201,PE060201,0.22877358490566,1.22856984358899,0,7,8.839927813,8.966816729,5.087468216,12.59238741
60204,60204,PE060204,0.22877358490566,1.22856984358899,0,7,8.839927813,8.966816729,5.087468216,12.59238741
60301,60301,PE060301,0.22877358490566,1.22856984358899,0,7,8.839927813,8.966816729,5.087468216,12.59238741
60311,60311,PE060311,0.22877358490566,1.22856984358899,0,7,8.839927813,8.966816729,5.087468216,12.59238741
60418,60418,PE060418,0.22877358490566,1.22856984358899,0,7,8.839927813,8.966816729,5.087468216,12.59238741
60607,60607,PE060607,0.22877358490566,1.22856984358899,0,7,8.839927813,8.966816729,5.087468216,12.59238741
60901,60901,PE060901,0.22877358490566,1.22856984358899,0,7,8.839927813,8.966816729,5.087468216,12.59238741
60902,60902,PE060902,0.22877358490566,1.22856984358899,0,7,8.839927813,8.966816729,5.087468216,12.59238741
61007,61007,PE061007,0.22877358490566,1.22856984358899,0,7,8.839927813,8.966816729,5.087468216,12.59238741
61303,61303,PE061303,0.22877358490566,1.22856984358899,0,7,8.839927813,8.966816729,5.087468216,12.59238741
90501,90501,PE090501,0.232704402515723,1.22231510890759,0,7,8.806997269,8.919188317,5.068516353,12.54547818
90204,90204,PE090204,0.232704402515723,1.22231510890759,0,7,8.806997269,8.919188317,5.068516353,12.54547818
90606,90606,PE090606,0.232704402515723,1.22231510890759,0,7,8.806997269,8.919188317,5.068516353,12.54547818
90706,90706,PE090706,0.232704402515723,1.22231510890759,0,7,8.806997269,8.919188317,5.068516353,12.54547818
90106,90106,PE090106,0.232704402515723,1.22231510890759,0,7,8.806997269,8.919188317,5.068516353,12.54547818
90709,90709,PE090709,0.232704402515723,1.22231510890759,0,7,8.806997269,8.919188317,5.068516353,12.54547818
90714,90714,PE090714,0.232704402515723,1.22231510890759,0,7,8.806997269,8.919188317,5.068516353,12.54547818
90716,90716,PE090716,0.232704402515723,1.22231510890759,0,7,8.806997269,8.919188317,5.068516353,12.54547818
90507,90507,PE090507,0.232704402515723,1.22231510890759,0,7,8.806997269,8.919188317,5.068516353,12.54547818
90201,90201,PE090201,0.232704402515723,1.22231510890759,0,7,8.806997269,8.919188317,5.068516353,12.54547818
90404,90404,PE090404,0.232704402515723,1.22231510890759,0,7,8.806997269,8.919188317,5.068516353,12.54547818
90611,90611,PE090611,0.232704402515723,1.22231510890759,0,7,8.806997269,8.919188317,5.068516353,12.54547818
90713,90713,PE090713,0.232704402515723,1.22231510890759,0,7,8.806997269,8.919188317,5.068516353,12.54547818
90101,90101,PE090101,0.232704402515723,1.22231510890759,0,7,8.806997269,8.919188317,5.068516353,12.54547818
90506,90506,PE090506,0.232704402515723,1.22231510890759,0,7,8.806997269,8.919188317,5.068516353,12.54547818
90704,90704,PE090704,0.232704402515723,1.22231510890759,0,7,8.806997269,8.919188317,5.068516353,12.54547818
90510,90510,PE090510,0.232704402515723,1.22231510890759,0,7,8.806997269,8.919188317,5.068516353,12.54547818
90701,90701,PE090701,0.232704402515723,1.22231510890759,0,7,8.806997269,8.919188317,5.068516353,12.54547818
90508,90508,PE090508,0.232704402515723,1.22231510890759,0,7,8.806997269,8.919188317,5.068516353,12.54547818
90509,90509,PE090509,0.232704402515723,1.22231510890759,0,7,8.806997269,8.919188317,5.068516353,12.54547818
90205,90205,PE090205,0.232704402515723,1.22231510890759,0,7,8.806997269,8.919188317,5.068516353,12.54547818
211210,211210,PE211210,0.233490566037736,1.22383016345831,0,7,8.80434505,8.930723209,5.066989975,12.54170013
211207,211207,PE211207,0.233490566037736,1.22383016345831,0,7,8.80434505,8.930723209,5.066989975,12.54170013
211201,211201,PE211201,0.233490566037736,1.22383016345831,0,7,8.80434505,8.930723209,5.066989975,12.54170013
210805,210805,PE210805,0.232704402515723,1.21369099119274,0,7,8.742186289,8.853551719,5.031216976,12.4531556
210806,210806,PE210806,0.232704402515723,1.21369099119274,0,7,8.742186289,8.853551719,5.031216976,12.4531556
210309,210309,PE210309,0.232704402515723,1.21369099119274,0,7,8.742186289,8.853551719,5.031216976,12.4531556
190301,190301,PE190301,0.223270440251572,1.21120886059665,0,7,8.709649117,8.834668004,5.012491504,12.40680673
190307,190307,PE190307,0.223270440251572,1.21120886059665,0,7,8.709649117,8.834668004,5.012491504,12.40680673
190305,190305,PE190305,0.223270440251572,1.21120886059665,0,7,8.709649117,8.834668004,5.012491504,12.40680673
190306,190306,PE190306,0.223270440251572,1.21120886059665,0,7,8.709649117,8.834668004,5.012491504,12.40680673
190304,190304,PE190304,0.223270440251572,1.21120886059665,0,7,8.709649117,8.834668004,5.012491504,12.40680673
210101,210101,PE210101,0.230607966457023,1.20802039927414,0,7,8.699592591,8.810415427,5.006703871,12.39248131
130106,130106,PE130106,0.221698113207547,1.19843890461073,0,7,8.613922844,8.737567669,4.957400061,12.27044563
170101,170101,PE170101,0.220125786163522,1.19412566234128,0,7,8.581609172,8.704790165,4.938803215,12.22441513
170303,170303,PE170303,0.220125786163522,1.19412566234128,0,7,8.581609172,8.704790165,4.938803215,12.22441513
170103,170103,PE170103,0.220125786163522,1.19412566234128,0,7,8.581609172,8.704790165,4.938803215,12.22441513
170102,170102,PE170102,0.220125786163522,1.19412566234128,0,7,8.581609172,8.704790165,4.938803215,12.22441513
170301,170301,PE170301,0.220125786163522,1.19412566234128,0,7,8.581609172,8.704790165,4.938803215,12.22441513
170104,170104,PE170104,0.220125786163522,1.19412566234128,0,7,8.581609172,8.704790165,4.938803215,12.22441513
170302,170302,PE170302,0.220125786163522,1.19412566234128,0,7,8.581609172,8.704790165,4.938803215,12.22441513
130804,130804,PE130804,0.212264150943396,1.18164851683774,0,7,8.488188527,8.610028554,4.885038685,12.09133837
130902,130902,PE130902,0.212264150943396,1.18164851683774,0,7,8.488188527,8.610028554,4.885038685,12.09133837
130906,130906,PE130906,0.212264150943396,1.18164851683774,0,7,8.488188527,8.610028554,4.885038685,12.09133837
131008,131008,PE131008,0.212264150943396,1.18164851683774,0,7,8.488188527,8.610028554,4.885038685,12.09133837
130808,130808,PE130808,0.212264150943396,1.18164851683774,0,7,8.488188527,8.610028554,4.885038685,12.09133837
130901,130901,PE130901,0.212264150943396,1.18164851683774,0,7,8.488188527,8.610028554,4.885038685,12.09133837
130907,130907,PE130907,0.212264150943396,1.18164851683774,0,7,8.488188527,8.610028554,4.885038685,12.09133837
130809,130809,PE130809,0.212264150943396,1.18164851683774,0,7,8.488188527,8.610028554,4.885038685,12.09133837
130303,130303,PE130303,0.212264150943396,1.18164851683774,0,7,8.488188527,8.610028554,4.885038685,12.09133837
130903,130903,PE130903,0.212264150943396,1.18164851683774,0,7,8.488188527,8.610028554,4.885038685,12.09133837
130905,130905,PE130905,0.212264150943396,1.18164851683774,0,7,8.488188527,8.610028554,4.885038685,12.09133837
130803,130803,PE130803,0.212264150943396,1.18164851683774,0,7,8.488188527,8.610028554,4.885038685,12.09133837
130304,130304,PE130304,0.212264150943396,1.18164851683774,0,7,8.488188527,8.610028554,4.885038685,12.09133837
130306,130306,PE130306,0.212264150943396,1.18164851683774,0,7,8.488188527,8.610028554,4.885038685,12.09133837
130908,130908,PE130908,0.212264150943396,1.18164851683774,0,7,8.488188527,8.610028554,4.885038685,12.09133837
130811,130811,PE130811,0.212264150943396,1.18164851683774,0,7,8.488188527,8.610028554,4.885038685,12.09133837
131201,131201,PE131201,0.212264150943396,1.18164851683774,0,7,8.488188527,8.610028554,4.885038685,12.09133837
131202,131202,PE131202,0.212264150943396,1.18164851683774,0,7,8.488188527,8.610028554,4.885038685,12.09133837
130302,130302,PE130302,0.212264150943396,1.18164851683774,0,7,8.488188527,8.610028554,4.885038685,12.09133837
130301,130301,PE130301,0.212264150943396,1.18164851683774,0,7,8.488188527,8.610028554,4.885038685,12.09133837
10312,10312,PE010312,0.210062893081761,1.18018884672056,0,7,8.469152586,8.598948028,4.874083308,12.06422186
10602,10602,PE010602,0.210062893081761,1.18018884672056,0,7,8.469152586,8.598948028,4.874083308,12.06422186
10305,10305,PE010305,0.210062893081761,1.18018884672056,0,7,8.469152586,8.598948028,4.874083308,12.06422186
10609,10609,PE010609,0.210062893081761,1.18018884672056,0,7,8.469152586,8.598948028,4.874083308,12.06422186
10107,10107,PE010107,0.210062893081761,1.18018884672056,0,7,8.469152586,8.598948028,4.874083308,12.06422186
170204,170204,PE170204,0.213050314465409,1.17783869221466,0,7,8.459679303,8.581110107,4.868631338,12.05072727
170201,170201,PE170201,0.213050314465409,1.17783869221466,0,7,8.459679303,8.581110107,4.868631338,12.05072727
170202,170202,PE170202,0.213050314465409,1.17783869221466,0,7,8.459679303,8.581110107,4.868631338,12.05072727
170203,170203,PE170203,0.213050314465409,1.17783869221466,0,7,8.459679303,8.581110107,4.868631338,12.05072727
50510,50510,PE050510,0.205031446540881,1.16063686277037,0,7,8.323078816,8.45063558,4.79001637,11.85614126
50512,50512,PE050511,0.205031446540881,1.16063686277037,0,7,8.323078816,8.45063558,4.79001637,11.85614126
50513,50513,PE050511,0.205031446540881,1.16063686277037,0,7,8.323078816,8.45063558,4.79001637,11.85614126
50509,50509,PE050509,0.205031446540881,1.16063686277037,0,7,8.323078816,8.45063558,4.79001637,11.85614126
211209,211209,PE211209,0.192872117400419,1.11167955791857,0,7,7.978518525,8.080155704,4.591718424,11.36531863
211202,211202,PE211202,0.192872117400419,1.11167955791857,0,7,7.978518525,8.080155704,4.591718424,11.36531863
80501,80501,PE080501,0.192872117400419,1.10409452349197,0,7,7.921953393,8.022869997,4.559164616,11.28474217
80106,80106,PE080106,0.192872117400419,1.10409452349197,0,7,7.921953393,8.022869997,4.559164616,11.28474217
81104,81104,PE081104,0.192872117400419,1.10409452349197,0,7,7.921953393,8.022869997,4.559164616,11.28474217
81212,81212,PE081212,0.192872117400419,1.10409452349197,0,7,7.921953393,8.022869997,4.559164616,11.28474217
81209,81209,PE081209,0.192872117400419,1.10409452349197,0,7,7.921953393,8.022869997,4.559164616,11.28474217
81302,81302,PE081302,0.192872117400419,1.10409452349197,0,7,7.921953393,8.022869997,4.559164616,11.28474217
80206,80206,PE080206,0.192872117400419,1.10409452349197,0,7,7.921953393,8.022869997,4.559164616,11.28474217
80404,80404,PE080404,0.192872117400419,1.10409452349197,0,7,7.921953393,8.022869997,4.559164616,11.28474217
81204,81204,PE081204,0.192872117400419,1.10409452349197,0,7,7.921953393,8.022869997,4.559164616,11.28474217
81210,81210,PE081210,0.192872117400419,1.10409452349197,0,7,7.921953393,8.022869997,4.559164616,11.28474217
81206,81206,PE081206,0.192872117400419,1.10409452349197,0,7,7.921953393,8.022869997,4.559164616,11.28474217
81304,81304,PE081304,0.192872117400419,1.10409452349197,0,7,7.921953393,8.022869997,4.559164616,11.28474217
80802,80802,PE080802,0.192872117400419,1.10409452349197,0,7,7.921953393,8.022869997,4.559164616,11.28474217
81301,81301,PE081301,0.192872117400419,1.10409452349197,0,7,7.921953393,8.022869997,4.559164616,11.28474217
81205,81205,PE081205,0.192872117400419,1.10409452349197,0,7,7.921953393,8.022869997,4.559164616,11.28474217
81008,81008,PE081008,0.192872117400419,1.10409452349197,0,7,7.921953393,8.022869997,4.559164616,11.28474217
81201,81201,PE081201,0.192872117400419,1.10409452349197,0,7,7.921953393,8.022869997,4.559164616,11.28474217
80104,80104,PE080104,0.192872117400419,1.10409452349197,0,7,7.921953393,8.022869997,4.559164616,11.28474217
81106,81106,PE081106,0.192872117400419,1.10409452349197,0,7,7.921953393,8.022869997,4.559164616,11.28474217
80105,80105,PE080105,0.192872117400419,1.10409452349197,0,7,7.921953393,8.022869997,4.559164616,11.28474217
81203,81203,PE081203,0.192872117400419,1.10409452349197,0,7,7.921953393,8.022869997,4.559164616,11.28474217
50503,50503,PE050503,0.171383647798742,1.06168458867868,0,7,7.594122941,7.70312949,4.370494862,10.81775102
50504,50504,PE050504,0.171383647798742,1.06168458867868,0,7,7.594122941,7.70312949,4.370494862,10.81775102
50502,50502,PE050502,0.171383647798742,1.06168458867868,0,7,7.594122941,7.70312949,4.370494862,10.81775102
50506,50506,PE050506,0.171383647798742,1.06168458867868,0,7,7.594122941,7.70312949,4.370494862,10.81775102
50101,50101,PE050101,0.171383647798742,1.06168458867868,0,7,7.594122941,7.70312949,4.370494862,10.81775102
50106,50106,PE050106,0.171383647798742,1.06168458867868,0,7,7.594122941,7.70312949,4.370494862,10.81775102
50507,50507,PE050507,0.171383647798742,1.06168458867868,0,7,7.594122941,7.70312949,4.370494862,10.81775102
50201,50201,PE050201,0.171383647798742,1.06168458867868,0,7,7.594122941,7.70312949,4.370494862,10.81775102
51104,51104,PE051104,0.171383647798742,1.06168458867868,0,7,7.594122941,7.70312949,4.370494862,10.81775102
50501,50501,PE050501,0.171383647798742,1.06168458867868,0,7,7.594122941,7.70312949,4.370494862,10.81775102
50110,50110,PE050110,0.171383647798742,1.06168458867868,0,7,7.594122941,7.70312949,4.370494862,10.81775102
50707,50707,PE050707,0.171383647798742,1.06168458867868,0,7,7.594122941,7.70312949,4.370494862,10.81775102
50508,50508,PE050508,0.171383647798742,1.06168458867868,0,7,7.594122941,7.70312949,4.370494862,10.81775102
50505,50505,PE050505,0.171383647798742,1.06168458867868,0,7,7.594122941,7.70312949,4.370494862,10.81775102
240302,240302,PE240302,0.169811320754717,1.05001620560608,0,7,7.507560356,7.615324381,4.320677216,10.6944435
240101,240101,PE240101,0.169811320754717,1.05001620560608,0,7,7.507560356,7.615324381,4.320677216,10.6944435
240106,240106,PE240106,0.169811320754717,1.05001620560608,0,7,7.507560356,7.615324381,4.320677216,10.6944435
240103,240103,PE240103,0.169811320754717,1.05001620560608,0,7,7.507560356,7.615324381,4.320677216,10.6944435
240105,240105,PE240105,0.169811320754717,1.05001620560608,0,7,7.507560356,7.615324381,4.320677216,10.6944435
240304,240304,PE240304,0.169811320754717,1.05001620560608,0,7,7.507560356,7.615324381,4.320677216,10.6944435
240102,240102,PE240102,0.169811320754717,1.05001620560608,0,7,7.507560356,7.615324381,4.320677216,10.6944435
240303,240303,PE240303,0.169811320754717,1.05001620560608,0,7,7.507560356,7.615324381,4.320677216,10.6944435
240104,240104,PE240104,0.169811320754717,1.05001620560608,0,7,7.507560356,7.615324381,4.320677216,10.6944435
240201,240201,PE240201,0.166666666666667,1.04451158846213,0,7,7.466748533,7.573926742,4.297189597,10.63630747
240202,240202,PE240202,0.166666666666667,1.04451158846213,0,7,7.466748533,7.573926742,4.297189597,10.63630747
30107,30107,PE030107,0.167714884696017,1.03568960627945,0,7,7.413178574,7.50761397,4.266359542,10.55999761
30602,30602,PE030602,0.167714884696017,1.03568960627945,0,7,7.413178574,7.50761397,4.266359542,10.55999761
30608,30608,PE030608,0.167714884696017,1.03568960627945,0,7,7.413178574,7.50761397,4.266359542,10.55999761
30701,30701,PE030701,0.167714884696017,1.03568960627945,0,7,7.413178574,7.50761397,4.266359542,10.55999761
30105,30105,PE030105,0.167714884696017,1.03568960627945,0,7,7.413178574,7.50761397,4.266359542,10.55999761
30204,30204,PE030204,0.167714884696017,1.03568960627945,0,7,7.413178574,7.50761397,4.266359542,10.55999761
30501,30501,PE030501,0.167714884696017,1.03568960627945,0,7,7.413178574,7.50761397,4.266359542,10.55999761
30710,30710,PE030710,0.167714884696017,1.03568960627945,0,7,7.413178574,7.50761397,4.266359542,10.55999761
30601,30601,PE030601,0.167714884696017,1.03568960627945,0,7,7.413178574,7.50761397,4.266359542,10.55999761
30202,30202,PE030202,0.167714884696017,1.03568960627945,0,7,7.413178574,7.50761397,4.266359542,10.55999761
30712,30712,PE030712,0.167714884696017,1.03568960627945,0,7,7.413178574,7.50761397,4.266359542,10.55999761
30401,30401,PE030401,0.167714884696017,1.03568960627945,0,7,7.413178574,7.50761397,4.266359542,10.55999761
30502,30502,PE030502,0.167714884696017,1.03568960627945,0,7,7.413178574,7.50761397,4.266359542,10.55999761
30603,30603,PE030603,0.167714884696017,1.03568960627945,0,7,7.413178574,7.50761397,4.266359542,10.55999761
30201,30201,PE030201,0.167714884696017,1.03568960627945,0,7,7.413178574,7.50761397,4.266359542,10.55999761
10201,10201,PE010201,0.160377358490566,1.03262402031103,0,7,7.378666379,7.48458025,4.246497423,10.51083533
10202,10202,PE010202,0.160377358490566,1.03262402031103,0,7,7.378666379,7.48458025,4.246497423,10.51083533
10205,10205,PE010205,0.160377358490566,1.03262402031103,0,7,7.378666379,7.48458025,4.246497423,10.51083533
10203,10203,PE010203,0.160377358490566,1.03262402031103,0,7,7.378666379,7.48458025,4.246497423,10.51083533
10106,10106,PE010106,0.159591194968553,1.03236492132385,0,7,7.376747373,7.482633699,4.245393016,10.50810173
10705,10705,PE010705,0.159591194968553,1.03236492132385,0,7,7.376747373,7.482633699,4.245393016,10.50810173
10403,10403,PE010403,0.159591194968553,1.03236492132385,0,7,7.376747373,7.482633699,4.245393016,10.50810173
10103,10103,PE010103,0.159591194968553,1.03236492132385,0,7,7.376747373,7.482633699,4.245393016,10.50810173
10402,10402,PE010402,0.159591194968553,1.03236492132385,0,7,7.376747373,7.482633699,4.245393016,10.50810173
10702,10702,PE010702,0.159591194968553,1.03236492132385,0,7,7.376747373,7.482633699,4.245393016,10.50810173
10301,10301,PE010301,0.159591194968553,1.03236492132385,0,7,7.376747373,7.482633699,4.245393016,10.50810173
10610,10610,PE010610,0.159591194968553,1.03236492132385,0,7,7.376747373,7.482633699,4.245393016,10.50810173
10701,10701,PE010701,0.159591194968553,1.03236492132385,0,7,7.376747373,7.482633699,4.245393016,10.50810173
10704,10704,PE010704,0.159591194968553,1.03236492132385,0,7,7.376747373,7.482633699,4.245393016,10.50810173
10401,10401,PE010401,0.159591194968553,1.03236492132385,0,7,7.376747373,7.482633699,4.245393016,10.50810173
100905,100905,PE100905,0.159329140461216,1.01448644262962,0,7,7.255969172,7.348401901,4.175883935,10.33605441
100404,100404,PE100404,0.159329140461216,1.01448644262962,0,7,7.255969172,7.348401901,4.175883935,10.33605441
100501,100501,PE100501,0.159329140461216,1.01448644262962,0,7,7.255969172,7.348401901,4.175883935,10.33605441
100801,100801,PE100801,0.159329140461216,1.01448644262962,0,7,7.255969172,7.348401901,4.175883935,10.33605441
100703,100703,PE100703,0.159329140461216,1.01448644262962,0,7,7.255969172,7.348401901,4.175883935,10.33605441
100103,100103,PE100103,0.159329140461216,1.01448644262962,0,7,7.255969172,7.348401901,4.175883935,10.33605441
100401,100401,PE100401,0.159329140461216,1.01448644262962,0,7,7.255969172,7.348401901,4.175883935,10.33605441
100204,100204,PE100204,0.159329140461216,1.01448644262962,0,7,7.255969172,7.348401901,4.175883935,10.33605441
100702,100702,PE100702,0.159329140461216,1.01448644262962,0,7,7.255969172,7.348401901,4.175883935,10.33605441
100201,100201,PE100201,0.159329140461216,1.01448644262962,0,7,7.255969172,7.348401901,4.175883935,10.33605441
100602,100602,PE100602,0.159329140461216,1.01448644262962,0,7,7.255969172,7.348401901,4.175883935,10.33605441
100208,100208,PE100208,0.159329140461216,1.01448644262962,0,7,7.255969172,7.348401901,4.175883935,10.33605441
100402,100402,PE100402,0.159329140461216,1.01448644262962,0,7,7.255969172,7.348401901,4.175883935,10.33605441
100606,100606,PE100606,0.159329140461216,1.01448644262962,0,7,7.255969172,7.348401901,4.175883935,10.33605441
100403,100403,PE100403,0.159329140461216,1.01448644262962,0,7,7.255969172,7.348401901,4.175883935,10.33605441
100802,100802,PE100802,0.159329140461216,1.01448644262962,0,7,7.255969172,7.348401901,4.175883935,10.33605441
100102,100102,PE100102,0.159329140461216,1.01448644262962,0,7,7.255969172,7.348401901,4.175883935,10.33605441
110102,110102,PE110102,0.153039832285115,0.993495750989195,0,7,7.100564461,7.191017511,4.086446945,10.11468198
110106,110106,PE110106,0.153039832285115,0.993495750989195,0,7,7.100564461,7.191017511,4.086446945,10.11468198
110201,110201,PE110201,0.153039832285115,0.993495750989195,0,7,7.100564461,7.191017511,4.086446945,10.11468198
110101,110101,PE110101,0.153039832285115,0.993495750989195,0,7,7.100564461,7.191017511,4.086446945,10.11468198
110403,110403,PE110403,0.153039832285115,0.993495750989195,0,7,7.100564461,7.191017511,4.086446945,10.11468198
110202,110202,PE110202,0.153039832285115,0.993495750989195,0,7,7.100564461,7.191017511,4.086446945,10.11468198
110208,110208,PE110208,0.153039832285115,0.993495750989195,0,7,7.100564461,7.191017511,4.086446945,10.11468198
110209,110209,PE110209,0.153039832285115,0.993495750989195,0,7,7.100564461,7.191017511,4.086446945,10.11468198
110503,110503,PE110503,0.153039832285115,0.993495750989195,0,7,7.100564461,7.191017511,4.086446945,10.11468198
110205,110205,PE110205,0.153039832285115,0.993495750989195,0,7,7.100564461,7.191017511,4.086446945,10.11468198
220704,220704,PE220704,0.144654088050314,0.964734112284038,0,7,6.887997405,6.975742595,3.964112446,9.811882363
220305,220305,PE220305,0.144654088050314,0.964734112284038,0,7,6.887997405,6.975742595,3.964112446,9.811882363
220510,220510,PE220510,0.144654088050314,0.964734112284038,0,7,6.887997405,6.975742595,3.964112446,9.811882363
150132,150132,PE150132,0.129979035639413,0.91892028781494,0,7,6.55028494,6.63372806,3.769755494,9.330814386
150137,150137,PE150137,0.129979035639413,0.91892028781494,0,7,6.55028494,6.63372806,3.769755494,9.330814386
150604,150604,PE150604,0.129979035639413,0.91892028781494,0,7,6.55028494,6.63372806,3.769755494,9.330814386
150106,150106,PE150106,0.129979035639413,0.91892028781494,0,7,6.55028494,6.63372806,3.769755494,9.330814386
150123,150123,PE150123,0.129979035639413,0.91892028781494,0,7,6.55028494,6.63372806,3.769755494,9.330814386
150806,150806,PE150806,0.129979035639413,0.91892028781494,0,7,6.55028494,6.63372806,3.769755494,9.330814386
150810,150810,PE150810,0.129979035639413,0.91892028781494,0,7,6.55028494,6.63372806,3.769755494,9.330814386
150601,150601,PE150601,0.129979035639413,0.91892028781494,0,7,6.55028494,6.63372806,3.769755494,9.330814386
150605,150605,PE150605,0.129979035639413,0.91892028781494,0,7,6.55028494,6.63372806,3.769755494,9.330814386
180301,180301,PE180301,0.129979035639413,0.91892028781494,0,7,6.55028494,6.63372806,3.769755494,9.330814386
150109,150109,PE150109,0.129979035639413,0.91892028781494,0,7,6.55028494,6.63372806,3.769755494,9.330814386
150201,150201,PE150201,0.129979035639413,0.91892028781494,0,7,6.55028494,6.63372806,3.769755494,9.330814386
150512,150512,PE150512,0.129979035639413,0.91892028781494,0,7,6.55028494,6.63372806,3.769755494,9.330814386
150117,150117,PE150117,0.129979035639413,0.91892028781494,0,7,6.55028494,6.63372806,3.769755494,9.330814386
150118,150118,PE150118,0.129979035639413,0.91892028781494,0,7,6.55028494,6.63372806,3.769755494,9.330814386
150507,150507,PE150507,0.129979035639413,0.91892028781494,0,7,6.55028494,6.63372806,3.769755494,9.330814386
150509,150509,PE150509,0.129979035639413,0.91892028781494,0,7,6.55028494,6.63372806,3.769755494,9.330814386
150508,150508,PE150508,0.129979035639413,0.91892028781494,0,7,6.55028494,6.63372806,3.769755494,9.330814386
150204,150204,PE150204,0.129979035639413,0.91892028781494,0,7,6.55028494,6.63372806,3.769755494,9.330814386
150812,150812,PE150812,0.129979035639413,0.91892028781494,0,7,6.55028494,6.63372806,3.769755494,9.330814386
150114,150114,PE150114,0.129979035639413,0.91892028781494,0,7,6.55028494,6.63372806,3.769755494,9.330814386
150135,150135,PE150135,0.129979035639413,0.91892028781494,0,7,6.55028494,6.63372806,3.769755494,9.330814386
150133,150133,PE150133,0.129979035639413,0.91892028781494,0,7,6.55028494,6.63372806,3.769755494,9.330814386
150101,150101,PE150101,0.129979035639413,0.91892028781494,0,7,6.55028494,6.63372806,3.769755494,9.330814386
150401,150401,PE150401,0.129979035639413,0.91892028781494,0,7,6.55028494,6.63372806,3.769755494,9.330814386
120204,120204,PE120204,0.123689727463312,0.902496893637039,0,7,6.429484458,6.511388719,3.70023359,9.158735326
120201,120201,PE120201,0.123689727463312,0.902496893637039,0,7,6.429484458,6.511388719,3.70023359,9.158735326
120133,120133,PE120133,0.123689727463312,0.902496893637039,0,7,6.429484458,6.511388719,3.70023359,9.158735326
120114,120114,PE120114,0.123689727463312,0.902496893637039,0,7,6.429484458,6.511388719,3.70023359,9.158735326
120107,120107,PE120107,0.123689727463312,0.902496893637039,0,7,6.429484458,6.511388719,3.70023359,9.158735326
120701,120701,PE120701,0.123689727463312,0.902496893637039,0,7,6.429484458,6.511388719,3.70023359,9.158735326
120419,120419,PE120419,0.123689727463312,0.902496893637039,0,7,6.429484458,6.511388719,3.70023359,9.158735326
120101,120101,PE120101,0.123689727463312,0.902496893637039,0,7,6.429484458,6.511388719,3.70023359,9.158735326
120401,120401,PE120401,0.123689727463312,0.902496893637039,0,7,6.429484458,6.511388719,3.70023359,9.158735326
50115,50115,PE050115,0.115303983228512,0.87045129911027,0,7,6.194175483,6.273082177,3.564810886,8.823540081
50103,50103,PE050103,0.115303983228512,0.87045129911027,0,7,6.194175483,6.273082177,3.564810886,8.823540081
50105,50105,PE050105,0.115303983228512,0.87045129911027,0,7,6.194175483,6.273082177,3.564810886,8.823540081
50202,50202,PE050202,0.115303983228512,0.87045129911027,0,7,6.194175483,6.273082177,3.564810886,8.823540081
50104,50104,PE050104,0.115303983228512,0.87045129911027,0,7,6.194175483,6.273082177,3.564810886,8.823540081
50114,50114,PE050114,0.115303983228512,0.87045129911027,0,7,6.194175483,6.273082177,3.564810886,8.823540081
50404,50404,PE050404,0.115303983228512,0.87045129911027,0,7,6.194175483,6.273082177,3.564810886,8.823540081
50701,50701,PE050701,0.115303983228512,0.87045129911027,0,7,6.194175483,6.273082177,3.564810886,8.823540081
50109,50109,PE050109,0.115303983228512,0.87045129911027,0,7,6.194175483,6.273082177,3.564810886,8.823540081
50706,50706,PE050706,0.115303983228512,0.87045129911027,0,7,6.194175483,6.273082177,3.564810886,8.823540081
50102,50102,PE050102,0.115303983228512,0.87045129911027,0,7,6.194175483,6.273082177,3.564810886,8.823540081
50107,50107,PE050107,0.115303983228512,0.87045129911027,0,7,6.194175483,6.273082177,3.564810886,8.823540081
50108,50108,PE050108,0.115303983228512,0.87045129911027,0,7,6.194175483,6.273082177,3.564810886,8.823540081
51102,51102,PE051102,0.115303983228512,0.87045129911027,0,7,6.194175483,6.273082177,3.564810886,8.823540081
50204,50204,PE050204,0.115303983228512,0.87045129911027,0,7,6.194175483,6.273082177,3.564810886,8.823540081
50113,50113,PE050113,0.115303983228512,0.87045129911027,0,7,6.194175483,6.273082177,3.564810886,8.823540081
51103,51103,PE051103,0.115303983228512,0.87045129911027,0,7,6.194175483,6.273082177,3.564810886,8.823540081
221002,221002,PE221002,0.109014675052411,0.845565840204253,0,7,6.011806204,6.088389723,3.459855514,8.563756895
220808,220808,PE220808,0.109014675052411,0.845565840204253,0,7,6.011806204,6.088389723,3.459855514,8.563756895
220404,220404,PE220404,0.109014675052411,0.845565840204253,0,7,6.011806204,6.088389723,3.459855514,8.563756895
220403,220403,PE220403,0.109014675052411,0.845565840204253,0,7,6.011806204,6.088389723,3.459855514,8.563756895
220806,220806,PE220806,0.109014675052411,0.845565840204253,0,7,6.011806204,6.088389723,3.459855514,8.563756895
220604,220604,PE220604,0.109014675052411,0.845565840204253,0,7,6.011806204,6.088389723,3.459855514,8.563756895
220405,220405,PE220405,0.109014675052411,0.845565840204253,0,7,6.011806204,6.088389723,3.459855514,8.563756895
221004,221004,PE221004,0.109014675052411,0.845565840204253,0,7,6.011806204,6.088389723,3.459855514,8.563756895
190101,190101,PE190101,0.106918238993711,0.844591256383772,0,7,6.004670568,6.081163187,3.455748883,8.553592254
190113,190113,PE190113,0.106918238993711,0.844591256383772,0,7,6.004670568,6.081163187,3.455748883,8.553592254
190103,190103,PE190103,0.106918238993711,0.844591256383772,0,7,6.004670568,6.081163187,3.455748883,8.553592254
190107,190107,PE190107,0.106918238993711,0.844591256383772,0,7,6.004670568,6.081163187,3.455748883,8.553592254
190112,190112,PE190112,0.106918238993711,0.844591256383772,0,7,6.004670568,6.081163187,3.455748883,8.553592254
190303,190303,PE190303,0.106918238993711,0.844591256383772,0,7,6.004670568,6.081163187,3.455748883,8.553592254
190302,190302,PE190302,0.106918238993711,0.844591256383772,0,7,6.004670568,6.081163187,3.455748883,8.553592254
190201,190201,PE190201,0.106918238993711,0.844591256383772,0,7,6.004670568,6.081163187,3.455748883,8.553592254
200305,200305,PE200305,0.0922431865828092,0.783148809858702,0,7,5.555785722,5.626560062,3.197411096,7.914160348
61113,61113,PE061113,0.0922431865828092,0.783148809858702,0,7,5.555785722,5.626560062,3.197411096,7.914160348
60812,60812,PE060812,0.0922431865828092,0.783148809858702,0,7,5.555785722,5.626560062,3.197411096,7.914160348
60905,60905,PE060905,0.0922431865828092,0.783148809858702,0,7,5.555785722,5.626560062,3.197411096,7.914160348
60608,60608,PE060608,0.0922431865828092,0.783148809858702,0,7,5.555785722,5.626560062,3.197411096,7.914160348
140106,140106,PE140106,0.0922431865828092,0.783148809858702,0,7,5.555785722,5.626560062,3.197411096,7.914160348
60412,60412,PE060412,0.0922431865828092,0.783148809858702,0,7,5.555785722,5.626560062,3.197411096,7.914160348
60615,60615,PE060615,0.0922431865828092,0.783148809858702,0,7,5.555785722,5.626560062,3.197411096,7.914160348
61006,61006,PE061006,0.0922431865828092,0.783148809858702,0,7,5.555785722,5.626560062,3.197411096,7.914160348
200410,200410,PE200410,0.0922431865828092,0.783148809858702,0,7,5.555785722,5.626560062,3.197411096,7.914160348
61005,61005,PE061005,0.0922431865828092,0.783148809858702,0,7,5.555785722,5.626560062,3.197411096,7.914160348
61301,61301,PE061301,0.0922431865828092,0.783148809858702,0,7,5.555785722,5.626560062,3.197411096,7.914160348
60407,60407,PE060407,0.0922431865828092,0.783148809858702,0,7,5.555785722,5.626560062,3.197411096,7.914160348
60414,60414,PE060414,0.0922431865828092,0.783148809858702,0,7,5.555785722,5.626560062,3.197411096,7.914160348
60605,60605,PE060605,0.0922431865828092,0.783148809858702,0,7,5.555785722,5.626560062,3.197411096,7.914160348
61106,61106,PE061106,0.0922431865828092,0.783148809858702,0,7,5.555785722,5.626560062,3.197411096,7.914160348
140112,140112,PE140112,0.0922431865828092,0.783148809858702,0,7,5.555785722,5.626560062,3.197411096,7.914160348
60501,60501,PE060501,0.0922431865828092,0.783148809858702,0,7,5.555785722,5.626560062,3.197411096,7.914160348
61307,61307,PE061307,0.0922431865828092,0.783148809858702,0,7,5.555785722,5.626560062,3.197411096,7.914160348
60306,60306,PE060306,0.0922431865828092,0.783148809858702,0,7,5.555785722,5.626560062,3.197411096,7.914160348
61108,61108,PE061108,0.0922431865828092,0.783148809858702,0,7,5.555785722,5.626560062,3.197411096,7.914160348
60907,60907,PE060907,0.0922431865828092,0.783148809858702,0,7,5.555785722,5.626560062,3.197411096,7.914160348
61102,61102,PE061102,0.0922431865828092,0.783148809858702,0,7,5.555785722,5.626560062,3.197411096,7.914160348
60308,60308,PE060308,0.0922431865828092,0.783148809858702,0,7,5.555785722,5.626560062,3.197411096,7.914160348
60106,60106,PE060106,0.0922431865828092,0.783148809858702,0,7,5.555785722,5.626560062,3.197411096,7.914160348
60609,60609,PE060609,0.0922431865828092,0.783148809858702,0,7,5.555785722,5.626560062,3.197411096,7.914160348
140111,140111,PE140111,0.0922431865828092,0.783148809858702,0,7,5.555785722,5.626560062,3.197411096,7.914160348
200307,200307,PE200307,0.0922431865828092,0.783148809858702,0,7,5.555785722,5.626560062,3.197411096,7.914160348
60805,60805,PE060805,0.0922431865828092,0.783148809858702,0,7,5.555785722,5.626560062,3.197411096,7.914160348
61201,61201,PE061201,0.0922431865828092,0.783148809858702,0,7,5.555785722,5.626560062,3.197411096,7.914160348
140312,140312,PE140312,0.0922431865828092,0.783148809858702,0,7,5.555785722,5.626560062,3.197411096,7.914160348
200206,200206,PE200206,0.0922431865828092,0.783148809858702,0,7,5.555785722,5.626560062,3.197411096,7.914160348
140108,140108,PE140108,0.0922431865828092,0.783148809858702,0,7,5.555785722,5.626560062,3.197411096,7.914160348
60610,60610,PE060610,0.0922431865828092,0.783148809858702,0,7,5.555785722,5.626560062,3.197411096,7.914160348
60613,60613,PE060613,0.0922431865828092,0.783148809858702,0,7,5.555785722,5.626560062,3.197411096,7.914160348
140306,140306,PE140306,0.0922431865828092,0.783148809858702,0,7,5.555785722,5.626560062,3.197411096,7.914160348
60502,60502,PE060502,0.0922431865828092,0.783148809858702,0,7,5.555785722,5.626560062,3.197411096,7.914160348
60904,60904,PE060904,0.0922431865828092,0.783148809858702,0,7,5.555785722,5.626560062,3.197411096,7.914160348
61203,61203,PE061203,0.0922431865828092,0.783148809858702,0,7,5.555785722,5.626560062,3.197411096,7.914160348
60811,60811,PE060811,0.0922431865828092,0.783148809858702,0,7,5.555785722,5.626560062,3.197411096,7.914160348
61101,61101,PE061101,0.0922431865828092,0.783148809858702,0,7,5.555785722,5.626560062,3.197411096,7.914160348
61105,61105,PE061105,0.0922431865828092,0.783148809858702,0,7,5.555785722,5.626560062,3.197411096,7.914160348
60903,60903,PE060903,0.0922431865828092,0.783148809858702,0,7,5.555785722,5.626560062,3.197411096,7.914160348
140203,140203,PE140203,0.0922431865828092,0.783148809858702,0,7,5.555785722,5.626560062,3.197411096,7.914160348
200407,200407,PE200407,0.0922431865828092,0.783148809858702,0,7,5.555785722,5.626560062,3.197411096,7.914160348
60202,60202,PE060202,0.0922431865828092,0.783148809858702,0,7,5.555785722,5.626560062,3.197411096,7.914160348
200205,200205,PE200205,0.0922431865828092,0.783148809858702,0,7,5.555785722,5.626560062,3.197411096,7.914160348
60109,60109,PE060109,0.0922431865828092,0.783148809858702,0,7,5.555785722,5.626560062,3.197411096,7.914160348
60606,60606,PE060606,0.0922431865828092,0.783148809858702,0,7,5.555785722,5.626560062,3.197411096,7.914160348
60806,60806,PE060806,0.0922431865828092,0.783148809858702,0,7,5.555785722,5.626560062,3.197411096,7.914160348
200308,200308,PE200308,0.0922431865828092,0.783148809858702,0,7,5.555785722,5.626560062,3.197411096,7.914160348
60603,60603,PE060603,0.0922431865828092,0.783148809858702,0,7,5.555785722,5.626560062,3.197411096,7.914160348
60604,60604,PE060604,0.0922431865828092,0.783148809858702,0,7,5.555785722,5.626560062,3.197411096,7.914160348
60305,60305,PE060305,0.0922431865828092,0.783148809858702,0,7,5.555785722,5.626560062,3.197411096,7.914160348
60507,60507,PE060507,0.0922431865828092,0.783148809858702,0,7,5.555785722,5.626560062,3.197411096,7.914160348
200805,200805,PE200805,0.0922431865828092,0.783148809858702,0,7,5.555785722,5.626560062,3.197411096,7.914160348
60417,60417,PE060417,0.0922431865828092,0.783148809858702,0,7,5.555785722,5.626560062,3.197411096,7.914160348
61202,61202,PE061202,0.0922431865828092,0.783148809858702,0,7,5.555785722,5.626560062,3.197411096,7.914160348
140119,140119,PE140119,0.0922431865828092,0.783148809858702,0,7,5.555785722,5.626560062,3.197411096,7.914160348
140303,140303,PE140303,0.0922431865828092,0.783148809858702,0,7,5.555785722,5.626560062,3.197411096,7.914160348
60307,60307,PE060307,0.0922431865828092,0.783148809858702,0,7,5.555785722,5.626560062,3.197411096,7.914160348
60906,60906,PE060906,0.0922431865828092,0.783148809858702,0,7,5.555785722,5.626560062,3.197411096,7.914160348
140204,140204,PE140204,0.0922431865828092,0.783148809858702,0,7,5.555785722,5.626560062,3.197411096,7.914160348
200110,200110,PE200110,0.0922431865828092,0.783148809858702,0,7,5.555785722,5.626560062,3.197411096,7.914160348
200202,200202,PE200202,0.0922431865828092,0.783148809858702,0,7,5.555785722,5.626560062,3.197411096,7.914160348
60411,60411,PE060411,0.0922431865828092,0.783148809858702,0,7,5.555785722,5.626560062,3.197411096,7.914160348
140110,140110,PE140110,0.0922431865828092,0.783148809858702,0,7,5.555785722,5.626560062,3.197411096,7.914160348
60416,60416,PE060416,0.0922431865828092,0.783148809858702,0,7,5.555785722,5.626560062,3.197411096,7.914160348
60602,60602,PE060602,0.0922431865828092,0.783148809858702,0,7,5.555785722,5.626560062,3.197411096,7.914160348
61001,61001,PE061001,0.0922431865828092,0.783148809858702,0,7,5.555785722,5.626560062,3.197411096,7.914160348
140118,140118,PE140118,0.0922431865828092,0.783148809858702,0,7,5.555785722,5.626560062,3.197411096,7.914160348
60612,60612,PE060612,0.0922431865828092,0.783148809858702,0,7,5.555785722,5.626560062,3.197411096,7.914160348
60803,60803,PE060803,0.0922431865828092,0.783148809858702,0,7,5.555785722,5.626560062,3.197411096,7.914160348
60614,60614,PE060614,0.0922431865828092,0.783148809858702,0,7,5.555785722,5.626560062,3.197411096,7.914160348
60304,60304,PE060304,0.0922431865828092,0.783148809858702,0,7,5.555785722,5.626560062,3.197411096,7.914160348
60409,60409,PE060409,0.0922431865828092,0.783148809858702,0,7,5.555785722,5.626560062,3.197411096,7.914160348
200303,200303,PE200303,0.0922431865828092,0.783148809858702,0,7,5.555785722,5.626560062,3.197411096,7.914160348
60508,60508,PE060508,0.0922431865828092,0.783148809858702,0,7,5.555785722,5.626560062,3.197411096,7.914160348
200504,200504,PE200504,0.0922431865828092,0.783148809858702,0,7,5.555785722,5.626560062,3.197411096,7.914160348
140201,140201,PE140201,0.0922431865828092,0.783148809858702,0,7,5.555785722,5.626560062,3.197411096,7.914160348
60406,60406,PE060406,0.0922431865828092,0.783148809858702,0,7,5.555785722,5.626560062,3.197411096,7.914160348
200702,200702,PE200702,0.0922431865828092,0.783148809858702,0,7,5.555785722,5.626560062,3.197411096,7.914160348
140311,140311,PE140311,0.0922431865828092,0.783148809858702,0,7,5.555785722,5.626560062,3.197411096,7.914160348
60809,60809,PE060809,0.0922431865828092,0.783148809858702,0,7,5.555785722,5.626560062,3.197411096,7.914160348
61002,61002,PE061002,0.0922431865828092,0.783148809858702,0,7,5.555785722,5.626560062,3.197411096,7.914160348
140120,140120,PE140120,0.0922431865828092,0.783148809858702,0,7,5.555785722,5.626560062,3.197411096,7.914160348
140115,140115,PE140115,0.0922431865828092,0.783148809858702,0,7,5.555785722,5.626560062,3.197411096,7.914160348
60611,60611,PE060611,0.0922431865828092,0.783148809858702,0,7,5.555785722,5.626560062,3.197411096,7.914160348
140205,140205,PE140205,0.0922431865828092,0.783148809858702,0,7,5.555785722,5.626560062,3.197411096,7.914160348
60419,60419,PE060419,0.0922431865828092,0.783148809858702,0,7,5.555785722,5.626560062,3.197411096,7.914160348
60309,60309,PE060309,0.0922431865828092,0.783148809858702,0,7,5.555785722,5.626560062,3.197411096,7.914160348
200503,200503,PE200503,0.0922431865828092,0.783148809858702,0,7,5.555785722,5.626560062,3.197411096,7.914160348
200801,200801,PE200801,0.0922431865828092,0.783148809858702,0,7,5.555785722,5.626560062,3.197411096,7.914160348
200108,200108,PE200108,0.0922431865828092,0.783148809858702,0,7,5.555785722,5.626560062,3.197411096,7.914160348
140117,140117,PE140117,0.0922431865828092,0.783148809858702,0,7,5.555785722,5.626560062,3.197411096,7.914160348
140301,140301,PE140301,0.0922431865828092,0.783148809858702,0,7,5.555785722,5.626560062,3.197411096,7.914160348
60401,60401,PE060401,0.0922431865828092,0.783148809858702,0,7,5.555785722,5.626560062,3.197411096,7.914160348
60413,60413,PE060413,0.0922431865828092,0.783148809858702,0,7,5.555785722,5.626560062,3.197411096,7.914160348
200704,200704,PE200704,0.0922431865828092,0.783148809858702,0,7,5.555785722,5.626560062,3.197411096,7.914160348
200804,200804,PE200804,0.0922431865828092,0.783148809858702,0,7,5.555785722,5.626560062,3.197411096,7.914160348
140206,140206,PE140206,0.0922431865828092,0.783148809858702,0,7,5.555785722,5.626560062,3.197411096,7.914160348
60403,60403,PE060403,0.0922431865828092,0.783148809858702,0,7,5.555785722,5.626560062,3.197411096,7.914160348
200803,200803,PE200803,0.0922431865828092,0.783148809858702,0,7,5.555785722,5.626560062,3.197411096,7.914160348
140305,140305,PE140305,0.0922431865828092,0.783148809858702,0,7,5.555785722,5.626560062,3.197411096,7.914160348
200806,200806,PE200806,0.0922431865828092,0.783148809858702,0,7,5.555785722,5.626560062,3.197411096,7.914160348
60312,60312,PE060312,0.0922431865828092,0.783148809858702,0,7,5.555785722,5.626560062,3.197411096,7.914160348
200502,200502,PE200502,0.0922431865828092,0.783148809858702,0,7,5.555785722,5.626560062,3.197411096,7.914160348
60310,60310,PE060310,0.0922431865828092,0.783148809858702,0,7,5.555785722,5.626560062,3.197411096,7.914160348
21903,21903,PE021903,0.0775681341719078,0.716155086009818,0,7,5.068536412,5.133103755,2.91699417,7.220078654
21902,21902,PE021902,0.0775681341719078,0.716155086009818,0,7,5.068536412,5.133103755,2.91699417,7.220078654
21910,21910,PE021910,0.0775681341719078,0.716155086009818,0,7,5.068536412,5.133103755,2.91699417,7.220078654
21901,21901,PE021901,0.0775681341719078,0.716155086009818,0,7,5.068536412,5.133103755,2.91699417,7.220078654
21906,21906,PE021906,0.0775681341719078,0.716155086009818,0,7,5.068536412,5.133103755,2.91699417,7.220078654
21907,21907,PE021907,0.0775681341719078,0.716155086009818,0,7,5.068536412,5.133103755,2.91699417,7.220078654
10204,10204,PE010204,0.0775681341719078,0.716155086009818,0,7,5.068536412,5.133103755,2.91699417,7.220078654
10101,10101,PE010101,0.0754716981132075,0.714911728211459,0,7,5.059514946,5.123967365,2.911802225,7.207227666
10706,10706,PE010706,0.0754716981132075,0.714911728211459,0,7,5.059514946,5.123967365,2.911802225,7.207227666
10513,10513,PE010513,0.0754716981132075,0.714911728211459,0,7,5.059514946,5.123967365,2.911802225,7.207227666
20507,20507,PE020507,0.0754716981132075,0.714911728211459,0,7,5.059514946,5.123967365,2.911802225,7.207227666
10502,10502,PE010502,0.0754716981132075,0.714911728211459,0,7,5.059514946,5.123967365,2.911802225,7.207227666
21705,21705,PE021705,0.0754716981132075,0.714911728211459,0,7,5.059514946,5.123967365,2.911802225,7.207227666
10306,10306,PE010306,0.0754716981132075,0.714911728211459,0,7,5.059514946,5.123967365,2.911802225,7.207227666
10118,10118,PE010118,0.0754716981132075,0.714911728211459,0,7,5.059514946,5.123967365,2.911802225,7.207227666
10514,10514,PE010514,0.0754716981132075,0.714911728211459,0,7,5.059514946,5.123967365,2.911802225,7.207227666
21807,21807,PE021807,0.0754716981132075,0.714911728211459,0,7,5.059514946,5.123967365,2.911802225,7.207227666
20503,20503,PE020503,0.0754716981132075,0.714911728211459,0,7,5.059514946,5.123967365,2.911802225,7.207227666
160109,160109,PE160108,0.0754716981132075,0.714911728211459,0,7,5.059514946,5.123967365,2.911802225,7.207227666
21806,21806,PE021806,0.0754716981132075,0.714911728211459,0,7,5.059514946,5.123967365,2.911802225,7.207227666
10503,10503,PE010503,0.0754716981132075,0.714911728211459,0,7,5.059514946,5.123967365,2.911802225,7.207227666
20202,20202,PE020202,0.0754716981132075,0.714911728211459,0,7,5.059514946,5.123967365,2.911802225,7.207227666
10307,10307,PE010307,0.0754716981132075,0.714911728211459,0,7,5.059514946,5.123967365,2.911802225,7.207227666
21808,21808,PE021808,0.0754716981132075,0.714911728211459,0,7,5.059514946,5.123967365,2.911802225,7.207227666
21508,21508,PE021508,0.0754716981132075,0.714911728211459,0,7,5.059514946,5.123967365,2.911802225,7.207227666
10507,10507,PE010507,0.0754716981132075,0.714911728211459,0,7,5.059514946,5.123967365,2.911802225,7.207227666
22008,22008,PE022008,0.0754716981132075,0.714911728211459,0,7,5.059514946,5.123967365,2.911802225,7.207227666
10522,10522,PE010522,0.0754716981132075,0.714911728211459,0,7,5.059514946,5.123967365,2.911802225,7.207227666
20801,20801,PE020801,0.0754716981132075,0.714911728211459,0,7,5.059514946,5.123967365,2.911802225,7.207227666
21304,21304,PE021304,0.0754716981132075,0.714911728211459,0,7,5.059514946,5.123967365,2.911802225,7.207227666
21105,21105,PE021105,0.0754716981132075,0.714911728211459,0,7,5.059514946,5.123967365,2.911802225,7.207227666
21301,21301,PE021301,0.0754716981132075,0.714911728211459,0,7,5.059514946,5.123967365,2.911802225,7.207227666
10509,10509,PE010509,0.0754716981132075,0.714911728211459,0,7,5.059514946,5.123967365,2.911802225,7.207227666
21104,21104,PE021104,0.0754716981132075,0.714911728211459,0,7,5.059514946,5.123967365,2.911802225,7.207227666
21708,21708,PE021708,0.0754716981132075,0.714911728211459,0,7,5.059514946,5.123967365,2.911802225,7.207227666
20804,20804,PE020804,0.0754716981132075,0.714911728211459,0,7,5.059514946,5.123967365,2.911802225,7.207227666
10114,10114,PE010114,0.0754716981132075,0.714911728211459,0,7,5.059514946,5.123967365,2.911802225,7.207227666
10512,10512,PE010512,0.0754716981132075,0.714911728211459,0,7,5.059514946,5.123967365,2.911802225,7.207227666
20304,20304,PE020304,0.0754716981132075,0.714911728211459,0,7,5.059514946,5.123967365,2.911802225,7.207227666
21102,21102,PE021102,0.0754716981132075,0.714911728211459,0,7,5.059514946,5.123967365,2.911802225,7.207227666
10703,10703,PE010703,0.0754716981132075,0.714911728211459,0,7,5.059514946,5.123967365,2.911802225,7.207227666
10501,10501,PE010501,0.0754716981132075,0.714911728211459,0,7,5.059514946,5.123967365,2.911802225,7.207227666
20110,20110,PE020110,0.0754716981132075,0.714911728211459,0,7,5.059514946,5.123967365,2.911802225,7.207227666
10504,10504,PE010504,0.0754716981132075,0.714911728211459,0,7,5.059514946,5.123967365,2.911802225,7.207227666
10521,10521,PE010521,0.0754716981132075,0.714911728211459,0,7,5.059514946,5.123967365,2.911802225,7.207227666
20103,20103,PE020103,0.0754716981132075,0.714911728211459,0,7,5.059514946,5.123967365,2.911802225,7.207227666
21003,21003,PE021003,0.0754716981132075,0.714911728211459,0,7,5.059514946,5.123967365,2.911802225,7.207227666
21103,21103,PE021103,0.0754716981132075,0.714911728211459,0,7,5.059514946,5.123967365,2.911802225,7.207227666
21305,21305,PE021305,0.0754716981132075,0.714911728211459,0,7,5.059514946,5.123967365,2.911802225,7.207227666
10110,10110,PE010110,0.0754716981132075,0.714911728211459,0,7,5.059514946,5.123967365,2.911802225,7.207227666
21014,21014,PE021014,0.0754716981132075,0.714911728211459,0,7,5.059514946,5.123967365,2.911802225,7.207227666
20401,20401,PE020401,0.0754716981132075,0.714911728211459,0,7,5.059514946,5.123967365,2.911802225,7.207227666
160114,160114,PE160113,0.0754716981132075,0.714911728211459,0,7,5.059514946,5.123967365,2.911802225,7.207227666
10109,10109,PE010109,0.0754716981132075,0.714911728211459,0,7,5.059514946,5.123967365,2.911802225,7.207227666
10707,10707,PE010707,0.0754716981132075,0.714911728211459,0,7,5.059514946,5.123967365,2.911802225,7.207227666
20104,20104,PE020104,0.0754716981132075,0.714911728211459,0,7,5.059514946,5.123967365,2.911802225,7.207227666
20305,20305,PE020305,0.0754716981132075,0.714911728211459,0,7,5.059514946,5.123967365,2.911802225,7.207227666
21204,21204,PE021204,0.0754716981132075,0.714911728211459,0,7,5.059514946,5.123967365,2.911802225,7.207227666
21709,21709,PE021709,0.0754716981132075,0.714911728211459,0,7,5.059514946,5.123967365,2.911802225,7.207227666
10601,10601,PE010601,0.0754716981132075,0.714911728211459,0,7,5.059514946,5.123967365,2.911802225,7.207227666
21804,21804,PE021804,0.0754716981132075,0.714911728211459,0,7,5.059514946,5.123967365,2.911802225,7.207227666
21016,21016,PE021016,0.0754716981132075,0.714911728211459,0,7,5.059514946,5.123967365,2.911802225,7.207227666
22002,22002,PE022002,0.0754716981132075,0.714911728211459,0,7,5.059514946,5.123967365,2.911802225,7.207227666
21010,21010,PE021010,0.0754716981132075,0.714911728211459,0,7,5.059514946,5.123967365,2.911802225,7.207227666
20303,20303,PE020303,0.0754716981132075,0.714911728211459,0,7,5.059514946,5.123967365,2.911802225,7.207227666
21602,21602,PE021602,0.0754716981132075,0.714911728211459,0,7,5.059514946,5.123967365,2.911802225,7.207227666
21206,21206,PE021206,0.0754716981132075,0.714911728211459,0,7,5.059514946,5.123967365,2.911802225,7.207227666
21509,21509,PE021509,0.0754716981132075,0.714911728211459,0,7,5.059514946,5.123967365,2.911802225,7.207227666
22007,22007,PE022007,0.0754716981132075,0.714911728211459,0,7,5.059514946,5.123967365,2.911802225,7.207227666
21604,21604,PE021604,0.0754716981132075,0.714911728211459,0,7,5.059514946,5.123967365,2.911802225,7.207227666
20611,20611,PE020611,0.0754716981132075,0.714911728211459,0,7,5.059514946,5.123967365,2.911802225,7.207227666
21306,21306,PE021306,0.0754716981132075,0.714911728211459,0,7,5.059514946,5.123967365,2.911802225,7.207227666
20101,20101,PE020101,0.0754716981132075,0.714911728211459,0,7,5.059514946,5.123967365,2.911802225,7.207227666
21601,21601,PE021601,0.0754716981132075,0.714911728211459,0,7,5.059514946,5.123967365,2.911802225,7.207227666
22001,22001,PE022001,0.0754716981132075,0.714911728211459,0,7,5.059514946,5.123967365,2.911802225,7.207227666
20601,20601,PE020601,0.0754716981132075,0.714911728211459,0,7,5.059514946,5.123967365,2.911802225,7.207227666
21001,21001,PE021001,0.0754716981132075,0.714911728211459,0,7,5.059514946,5.123967365,2.911802225,7.207227666
21503,21503,PE021503,0.0754716981132075,0.714911728211459,0,7,5.059514946,5.123967365,2.911802225,7.207227666
20102,20102,PE020102,0.0754716981132075,0.714911728211459,0,7,5.059514946,5.123967365,2.911802225,7.207227666
21507,21507,PE021507,0.0754716981132075,0.714911728211459,0,7,5.059514946,5.123967365,2.911802225,7.207227666
21802,21802,PE021802,0.0754716981132075,0.714911728211459,0,7,5.059514946,5.123967365,2.911802225,7.207227666
21706,21706,PE021706,0.0754716981132075,0.714911728211459,0,7,5.059514946,5.123967365,2.911802225,7.207227666
10519,10519,PE010519,0.0754716981132075,0.714911728211459,0,7,5.059514946,5.123967365,2.911802225,7.207227666
130806,130806,PE130806,0.0482180293501048,0.557400526839829,0,7,3.92297398,3.972948171,2.257711359,5.588236601
130107,130107,PE130107,0.0482180293501048,0.557400526839829,0,7,3.92297398,3.972948171,2.257711359,5.588236601
130805,130805,PE130805,0.0482180293501048,0.557400526839829,0,7,3.92297398,3.972948171,2.257711359,5.588236601
130705,130705,PE130705,0.0482180293501048,0.557400526839829,0,7,3.92297398,3.972948171,2.257711359,5.588236601
130801,130801,PE130801,0.0482180293501048,0.557400526839829,0,7,3.92297398,3.972948171,2.257711359,5.588236601
131001,131001,PE131001,0.0482180293501048,0.557400526839829,0,7,3.92297398,3.972948171,2.257711359,5.588236601
130402,130402,PE130402,0.0482180293501048,0.557400526839829,0,7,3.92297398,3.972948171,2.257711359,5.588236601
130110,130110,PE130110,0.0482180293501048,0.557400526839829,0,7,3.92297398,3.972948171,2.257711359,5.588236601
130813,130813,PE130813,0.0482180293501048,0.557400526839829,0,7,3.92297398,3.972948171,2.257711359,5.588236601
130702,130702,PE130702,0.0482180293501048,0.557400526839829,0,7,3.92297398,3.972948171,2.257711359,5.588236601
131102,131102,PE131102,0.0482180293501048,0.557400526839829,0,7,3.92297398,3.972948171,2.257711359,5.588236601
130701,130701,PE130701,0.0482180293501048,0.557400526839829,0,7,3.92297398,3.972948171,2.257711359,5.588236601
130208,130208,PE130208,0.0482180293501048,0.557400526839829,0,7,3.92297398,3.972948171,2.257711359,5.588236601
131101,131101,PE131101,0.0482180293501048,0.557400526839829,0,7,3.92297398,3.972948171,2.257711359,5.588236601
130108,130108,PE130108,0.0482180293501048,0.557400526839829,0,7,3.92297398,3.972948171,2.257711359,5.588236601
130810,130810,PE130810,0.0482180293501048,0.557400526839829,0,7,3.92297398,3.972948171,2.257711359,5.588236601
130305,130305,PE130305,0.0482180293501048,0.557400526839829,0,7,3.92297398,3.972948171,2.257711359,5.588236601
131104,131104,PE131104,0.0482180293501048,0.557400526839829,0,7,3.92297398,3.972948171,2.257711359,5.588236601
130403,130403,PE130403,0.0482180293501048,0.557400526839829,0,7,3.92297398,3.972948171,2.257711359,5.588236601
131103,131103,PE131103,0.0482180293501048,0.557400526839829,0,7,3.92297398,3.972948171,2.257711359,5.588236601
131002,131002,PE131002,0.0482180293501048,0.557400526839829,0,7,3.92297398,3.972948171,2.257711359,5.588236601
130401,130401,PE130401,0.0482180293501048,0.557400526839829,0,7,3.92297398,3.972948171,2.257711359,5.588236601
130202,130202,PE130202,0.0482180293501048,0.557400526839829,0,7,3.92297398,3.972948171,2.257711359,5.588236601
130904,130904,PE130904,0.0482180293501048,0.557400526839829,0,7,3.92297398,3.972948171,2.257711359,5.588236601
130802,130802,PE130802,0.0482180293501048,0.557400526839829,0,7,3.92297398,3.972948171,2.257711359,5.588236601
130812,130812,PE130812,0.0482180293501048,0.557400526839829,0,7,3.92297398,3.972948171,2.257711359,5.588236601
130207,130207,PE130207,0.0482180293501048,0.557400526839829,0,7,3.92297398,3.972948171,2.257711359,5.588236601
130101,130101,PE130101,0.0482180293501048,0.557400526839829,0,7,3.92297398,3.972948171,2.257711359,5.588236601
130105,130105,PE130105,0.0482180293501048,0.557400526839829,0,7,3.92297398,3.972948171,2.257711359,5.588236601
110204,110204,PE110204,0.153039832285115,0.993495750989195,0,7,0,0,0,0
110501,110501,PE110501,0.153039832285115,0.993495750989195,0,7,0,0,0,0
110507,110507,PE110507,0.153039832285115,0.993495750989195,0,7,0,0,0,0
130704,130704,PE130704,0.0482180293501048,0.557400526839829,0,7,0,0,0,0
131203,131203,PE131203,0.0482180293501048,0.557400526839829,0,7,0,0,0,0
150805,150805,PE150805,0.129979035639413,0.91892028781494,0,7,0,0,0,0
200705,200705,PE200705,0.0922431865828092,0.783148809858702,0,7,0,0,0,0
240301,240301,PE240301,0.169811320754717,1.05001620560608,0,7,0,0,0,0
