cityid,ADM3,total_weeks,total_cases,flood_weeks,flood_occurrence_rate,total_attributable_cases_point,total_attributable_cases_lower,total_attributable_cases_upper,paf_percent,paf_lower_percent,paf_upper_percent,avg_population,avg_population_density
160706,PE160706,1272,72592,60,4.71698113207547,1455.728726,896.6878871,1915.185251,36.07753969,22.22274813,47.4643185,10092.63203,0.856209982
160113,PE160113,1272,104815,60,4.71698113207547,1213.648435,747.5732471,1596.699674,36.07753969,22.22274813,47.4643185,93650.19951,29.25929715
160705,PE160705,1272,47863,60,4.71698113207547,790.8196699,487.122639,1040.417861,36.07753969,22.22274813,47.4643185,9242.623203,1.015699154
160403,PE160403,1272,31320,60,4.71698113207547,770.9770231,474.9001276,1014.312486,36.07753969,22.22274813,47.4643185,12207.2335,0.851283374
160303,PE160303,1272,52667,63,4.95283018867925,751.1343763,462.6776161,988.2071111,36.07753969,22.22274813,47.4643185,10848.06667,0.538949422
160107,PE160107,1272,45775,60,4.71698113207547,637.1293509,392.453732,838.2198646,36.07753969,22.22274813,47.4643185,11520.54935,0.476608297
160102,PE160102,1272,30315,60,4.71698113207547,634.2431477,390.6759121,834.4227192,36.07753969,22.22274813,47.4643185,6906.659314,0.474258479
160401,PE160401,1272,24755,60,4.71698113207547,603.577239,371.7865762,794.0780484,36.07753969,22.22274813,47.4643185,11589.12173,1.689726189
160108,PE160108,1272,44016,60,4.71698113207547,580.848389,357.7862449,764.1755278,36.07753969,22.22274813,47.4643185,82317.08922,51.35328804
160304,PE160304,1272,33564,63,4.95283018867925,536.1122398,330.2300372,705.3197729,36.07753969,22.22274813,47.4643185,19819.37647,1.576419964
160106,PE160106,1272,38236,60,4.71698113207547,528.8967318,325.7854876,695.8269092,36.07753969,22.22274813,47.4643185,8452.710458,0.840761882
160101,PE160101,1272,73075,60,4.71698113207547,521.6812239,321.340938,686.3340455,36.07753969,22.22274813,47.4643185,124725.259,340.3197373
120608,PE120608,1272,22651,71,5.58176100628931,413.8093802,254.8949211,544.4157331,36.07753969,22.22274813,47.4643185,74368.73758,7.280915073
170203,PE170203,1272,14987,43,3.38050314465409,345.9836056,213.1161546,455.1828144,36.07753969,22.22274813,47.4643185,5175.286928,0.659648826
50408,PE050408,1272,8100,47,3.69496855345912,300.5259056,185.1154919,395.3777731,36.07753969,22.22274813,47.4643185,6590.408824,12.77291164
120606,PE120699,1272,13374,71,5.58176100628931,283.5694619,174.6708003,373.0695434,36.07753969,22.22274813,47.4643185,40572.80556,7.148866942
160301,PE160301,1272,19072,63,4.95283018867925,279.2401572,172.0040705,367.3738252,36.07753969,22.22274813,47.4643185,16364.74788,2.420201937
220504,PE220504,1272,14599,63,4.95283018867925,231.2570294,142.4478155,304.2462816,36.07753969,22.22274813,47.4643185,16150.2219,12.69978898
160801,PE160801,1272,4965,59,4.63836477987421,214.6613611,132.2253514,282.4126951,36.07753969,22.22274813,47.4643185,4825.093137,0.435944895
160305,PE160305,1272,27144,63,4.95283018867925,201.6734469,124.2251621,265.3255404,36.07753969,22.22274813,47.4643185,10374.44118,0.65757795
170204,PE170204,1272,10287,43,3.38050314465409,194.4579389,119.7806124,255.8326767,36.07753969,22.22274813,47.4643185,2701.566013,1.773495667
160511,PE160511,1272,11494,60,4.71698113207547,176.0583937,108.4470109,231.6258743,36.07753969,22.22274813,47.4643185,6002.304575,0.543255318
220503,PE220503,1272,10975,63,4.95283018867925,161.2666024,99.33568414,212.1655037,36.07753969,22.22274813,47.4643185,8902.054248,8.418138321
80910,PE080910,1272,6578,63,4.95283018867925,160.1842762,98.6690017,210.7415741,36.07753969,22.22274813,47.4643185,5901.792974,7.257637411
50407,PE050407,1272,6701,47,3.69496855345912,152.2472175,93.77999711,200.2994241,36.07753969,22.22274813,47.4643185,10537.72696,11.75118557
80907,PE080907,1272,7190,63,4.95283018867925,149.3610143,92.00217726,196.5022786,36.07753969,22.22274813,47.4643185,7495.919118,9.531342551
160112,PE160112,1272,14634,60,4.71698113207547,136.3731,84.00198793,179.4151239,36.07753969,22.22274813,47.4643185,60291.24036,92.28480203
160508,PE160508,1272,8885,60,4.71698113207547,128.4360413,79.11298335,168.9729738,36.07753969,22.22274813,47.4643185,2944.002778,0.626666564
160110,PE160110,1272,15328,60,4.71698113207547,126.2713889,77.77961846,166.1251147,36.07753969,22.22274813,47.4643185,3655.821242,0.528283054
160206,PE160206,1272,7994,62,4.87421383647799,123.3851857,76.00179861,162.3279693,36.07753969,22.22274813,47.4643185,13573.17974,2.239998063
160704,PE160704,1272,11533,60,4.71698113207547,109.3149453,67.33492684,143.816885,36.07753969,22.22274813,47.4643185,8204.916667,0.743629492
200602,PE200602,1272,7889,48,3.77358490566038,98.13090795,60.44587492,129.1029463,36.07753969,22.22274813,47.4643185,17559.37369,8801.791677
160202,PE160202,1272,28577,62,4.87421383647799,95.60548017,58.89028255,125.780444,36.07753969,22.22274813,47.4643185,4488.653105,1.493766091
160201,PE160201,1272,27078,62,4.87421383647799,88.75074763,54.6679604,116.7622235,36.07753969,22.22274813,47.4643185,62652.14461,28.02584106
160402,PE160402,1272,6230,60,4.71698113207547,86.94687065,53.556823,114.3890076,36.07753969,22.22274813,47.4643185,11372.77435,1.012563456
80909,PE080909,1272,2749,63,4.95283018867925,83.69989207,51.55677566,110.1172189,36.07753969,22.22274813,47.4643185,17060.44853,7.329824744
160103,PE160103,1272,5278,60,4.71698113207547,80.4529135,49.55672833,105.8454302,36.07753969,22.22274813,47.4643185,7102.968627,1.554968963
160104,PE160104,1272,8737,60,4.71698113207547,75.76283334,46.66777107,99.67506884,36.07753969,22.22274813,47.4643185,5805.825163,1.725072776
160105,PE160105,1272,2839,60,4.71698113207547,71.43352858,44.0010413,93.97935062,36.07753969,22.22274813,47.4643185,4227.956046,0.629066081
160502,PE160502,1272,4856,60,4.71698113207547,60.24949128,37.11198938,79.26541189,36.07753969,22.22274813,47.4643185,3565.04902,0.393167113
200601,PE200601,1272,5601,48,3.77358490566038,59.88871588,36.8897619,78.7907687,36.07753969,22.22274813,47.4643185,102491.0355,195.0643145
170102,PE170102,1272,4161,45,3.5377358490566,59.52794048,36.66753442,78.31612552,36.07753969,22.22274813,47.4643185,5119.515359,1.055758122
160404,PE160404,1272,2548,60,4.71698113207547,52.67320794,32.44521227,69.297905,36.07753969,22.22274813,47.4643185,12264.57598,2.41319937
160701,PE160701,1272,5740,60,4.71698113207547,48.34390318,29.7784825,63.60218678,36.07753969,22.22274813,47.4643185,11430.23154,1.547451084
250102,PE250102,1272,10939,56,4.40251572327044,46.1792508,28.44511761,60.75432767,36.07753969,22.22274813,47.4643185,13814.53464,10.42114314
80902,PE080902,1272,4398,63,4.95283018867925,44.37537382,27.3339802,58.38111175,36.07753969,22.22274813,47.4643185,53405.20114,5.049737376
240302,PE240302,1272,7043,35,2.75157232704403,43.29304762,26.66729776,56.9571822,36.07753969,22.22274813,47.4643185,12160.89379,255.9572421
220907,PE220907,1272,3499,63,4.95283018867925,40.76761985,25.11170539,53.6346799,36.07753969,22.22274813,47.4643185,4260.56781,2.485907802
50503,PE050503,1272,4316,34,2.67295597484277,38.96374286,24.00056798,51.26146398,36.07753969,22.22274813,47.4643185,5193.13415,18.20402007
160703,PE160703,1272,6677,60,4.71698113207547,38.96374286,24.00056798,51.26146398,36.07753969,22.22274813,47.4643185,10119.49477,2.83777727
120601,PE120601,1272,2567,71,5.58176100628931,36.79909048,22.66720309,48.41360487,36.07753969,22.22274813,47.4643185,15217.62353,18.65588645
220911,PE220911,1272,2229,63,4.95283018867925,31.38745953,19.33379087,41.29395709,36.07753969,22.22274813,47.4643185,1352.783497,1.365875703
120604,PE120699,1272,1737,71,5.58176100628931,30.66590873,18.88933591,40.34467072,36.07753969,22.22274813,47.4643185,40572.80556,7.148866942
50502,PE050502,1272,5234,34,2.67295597484277,28.14048096,17.33374354,37.02216843,36.07753969,22.22274813,47.4643185,6701.099837,8.506748481
240301,PE240301,1272,2719,35,2.75157232704403,27.41893016,16.88928858,36.07288206,36.07753969,22.22274813,47.4643185,9890.698366,87.96256572
10403,PE010403,1272,12344,31,2.43710691823899,25.25427778,15.55592369,33.22502295,36.07753969,22.22274813,47.4643185,17891.26422,2.215751278
170101,PE170101,1272,1104,45,3.5377358490566,24.17195159,14.88924125,31.80109339,36.07753969,22.22274813,47.4643185,47008.84657,2.269361727
240101,PE240101,1272,6396,35,2.75157232704403,24.17195159,14.88924125,31.80109339,36.07753969,22.22274813,47.4643185,102219.1351,674.6675913
120305,PE120305,1272,2374,55,4.32389937106918,23.4504008,14.44478629,30.85180702,36.07753969,22.22274813,47.4643185,25928.27843,41.70002023
200607,PE200607,1272,2506,48,3.77358490566038,23.4504008,14.44478629,30.85180702,36.07753969,22.22274813,47.4643185,20078.53873,72.47070709
120607,PE120607,1272,1715,71,5.58176100628931,22.72885,14.00033132,29.90252065,36.07753969,22.22274813,47.4643185,3909.081536,8.002090193
220905,PE220905,1272,2205,63,4.95283018867925,22.72885,14.00033132,29.90252065,36.07753969,22.22274813,47.4643185,1377.999346,4.5025271
160302,PE160302,1272,2446,63,4.95283018867925,22.00729921,13.55587636,28.95323428,36.07753969,22.22274813,47.4643185,6206.073366,0.469360546
160501,PE160501,1272,2457,60,4.71698113207547,21.64652381,13.33364888,28.4785911,36.07753969,22.22274813,47.4643185,14673.25065,4.772921613
160109,PE160108,477,5570,6,1.25786163522013,19.84264683,12.22251147,26.10537517,36.07753969,22.22274813,47.4643185,72402.54379,45.16812635
200114,PE200114,1272,6746,49,3.85220125786164,19.48187143,12.00028399,25.63073199,36.07753969,22.22274813,47.4643185,108659.3229,73.1973463
220101,PE220101,1272,1581,63,4.95283018867925,19.48187143,12.00028399,25.63073199,36.07753969,22.22274813,47.4643185,55409.43039,20.5471835
120303,PE120303,1272,4406,55,4.32389937106918,19.12109603,11.77805651,25.1560888,36.07753969,22.22274813,47.4643185,22519.76634,18.1120242
120301,PE120301,1272,2893,55,4.32389937106918,18.39954524,11.33360155,24.20680243,36.07753969,22.22274813,47.4643185,25615.76944,34.6532696
120302,PE120302,1272,5244,55,4.32389937106918,18.39954524,11.33360155,24.20680243,36.07753969,22.22274813,47.4643185,34689.68056,23.25461431
190306,PE190306,1272,2487,45,3.5377358490566,16.95644365,10.44469162,22.30822969,36.07753969,22.22274813,47.4643185,29322.25016,3.81893197
220805,PE220805,1272,1479,60,4.71698113207547,15.87411746,9.778009178,20.88430014,36.07753969,22.22274813,47.4643185,15088.09183,12.94571155
220801,PE220801,1272,2108,60,4.71698113207547,15.51334207,9.555781696,20.40965695,36.07753969,22.22274813,47.4643185,34840.17222,166.7459553
160702,PE160702,1272,3832,60,4.71698113207547,15.51334207,9.555781696,20.40965695,36.07753969,22.22274813,47.4643185,3985.520915,0.833008464
160211,PE160211,1272,2741,62,4.87421383647799,15.15256667,9.333554215,19.93501377,36.07753969,22.22274813,47.4643185,4380.432026,3.317110327
200105,PE200105,1272,5653,49,3.85220125786164,14.79179127,9.111326734,19.46037058,36.07753969,22.22274813,47.4643185,57492.4799,25.34688121
200605,PE200605,1272,2183,48,3.77358490566038,14.07024048,8.666871771,18.51108421,36.07753969,22.22274813,47.4643185,55240.17729,33.54195769
220106,PE220106,1272,2256,63,4.95283018867925,13.70946508,8.44464429,18.03644103,36.07753969,22.22274813,47.4643185,2505.62598,35.99164291
160504,PE160504,1272,1159,60,4.71698113207547,13.34868968,8.222416808,17.56179784,36.07753969,22.22274813,47.4643185,5040.307843,1.086035507
80408,PE080408,1272,572,75,5.89622641509434,13.34868968,8.222416808,17.56179784,36.07753969,22.22274813,47.4643185,21789.05212,10.93484962
80904,PE080904,1272,528,63,4.95283018867925,12.98791429,8.000189327,17.08715466,36.07753969,22.22274813,47.4643185,2138.663889,12.99207328
250302,PE250302,1272,2530,57,4.4811320754717,11.9055881,7.333506883,15.6632251,36.07753969,22.22274813,47.4643185,6625.225654,3.52907969
200608,PE200608,1272,1109,48,3.77358490566038,10.46248651,6.444596958,13.76465236,36.07753969,22.22274813,47.4643185,16733.55931,535.3919117
50501,PE050501,1272,2308,34,2.67295597484277,9.740935716,6.000141995,12.81536599,36.07753969,22.22274813,47.4643185,12496.6719,27.70367857
130908,PE130908,1272,2113,43,3.38050314465409,9.740935716,6.000141995,12.81536599,36.07753969,22.22274813,47.4643185,5208.754739,13.1069008
220804,PE220804,1272,1661,60,4.71698113207547,9.740935716,6.000141995,12.81536599,36.07753969,22.22274813,47.4643185,37778.89444,113.1084929
250101,PE250101,1272,880,56,4.40251572327044,9.740935716,6.000141995,12.81536599,36.07753969,22.22274813,47.4643185,131794.9745,11.31046491
220803,PE220803,1272,1196,60,4.71698113207547,9.380160319,5.777914514,12.34072281,36.07753969,22.22274813,47.4643185,7470.00866,44.11550091
50507,PE050507,1272,2692,34,2.67295597484277,9.019384922,5.555687033,11.86607962,36.07753969,22.22274813,47.4643185,9054.918301,23.27929892
160803,PE160803,1272,1550,59,4.63836477987421,9.019384922,5.555687033,11.86607962,36.07753969,22.22274813,47.4643185,4322.24232,0.448921647
250104,PE250104,1272,1051,56,4.40251572327044,9.019384922,5.555687033,11.86607962,36.07753969,22.22274813,47.4643185,6161.453105,0.418930193
80901,PE080901,1272,696,63,4.95283018867925,8.297834128,5.11123207,10.91679325,36.07753969,22.22274813,47.4643185,14028.92451,35.83114451
160114,PE160113,477,142,6,1.25786163522013,7.215507937,4.444549626,9.492863699,36.07753969,22.22274813,47.4643185,58362.22614,18.23421334
250106,PE250106,1272,776,56,4.40251572327044,7.215507937,4.444549626,9.492863699,36.07753969,22.22274813,47.4643185,3780.73366,1.833888128
240102,PE240102,1272,1837,35,2.75157232704403,7.215507937,4.444549626,9.492863699,36.07753969,22.22274813,47.4643185,9794.592484,76.33781088
80906,PE080906,1272,777,63,4.95283018867925,6.854732541,4.222322145,9.018220514,36.07753969,22.22274813,47.4643185,10241.52631,5.212947467
90707,PE090707,1272,128,60,4.71698113207547,6.854732541,4.222322145,9.018220514,36.07753969,22.22274813,47.4643185,4480.538562,16.84774507
200109,PE200109,1272,2963,49,3.85220125786164,6.854732541,4.222322145,9.018220514,36.07753969,22.22274813,47.4643185,10061.55131,59.23596023
170104,PE170104,1272,373,45,3.5377358490566,6.493957144,4.000094664,8.543577329,36.07753969,22.22274813,47.4643185,2299.330719,0.858654856
130902,PE130902,1272,946,43,3.38050314465409,5.77240635,3.555639701,7.594290959,36.07753969,22.22274813,47.4643185,11339.29869,27.20383964
250201,PE250201,1272,433,56,4.40251572327044,5.77240635,3.555639701,7.594290959,36.07753969,22.22274813,47.4643185,23450.96928,1.612955208
220906,PE220906,1272,319,63,4.95283018867925,5.411630953,3.33341222,7.119647774,36.07753969,22.22274813,47.4643185,1272.92402,2.600048336
220909,PE220909,1272,125,63,4.95283018867925,5.411630953,3.33341222,7.119647774,36.07753969,22.22274813,47.4643185,10594.30523,39.61389074
160205,PE160205,1272,397,62,4.87421383647799,5.050855556,3.111184738,6.645004589,36.07753969,22.22274813,47.4643185,5162.489379,1.187730312
130301,PE130301,1272,651,43,3.38050314465409,4.690080159,2.888957257,6.170361404,36.07753969,22.22274813,47.4643185,5603.012092,7.612654057
130809,PE130809,1272,1597,43,3.38050314465409,4.690080159,2.888957257,6.170361404,36.07753969,22.22274813,47.4643185,3877.815033,9.870220191
160509,PE160509,1272,461,60,4.71698113207547,4.690080159,2.888957257,6.170361404,36.07753969,22.22274813,47.4643185,1295.228105,0.619383487
190307,PE190307,1272,490,45,3.5377358490566,4.690080159,2.888957257,6.170361404,36.07753969,22.22274813,47.4643185,8701.251634,10.57814719
200111,PE200111,1272,2011,49,3.85220125786164,4.690080159,2.888957257,6.170361404,36.07753969,22.22274813,47.4643185,32349.86193,58.49047193
60204,PE060204,1272,564,45,3.5377358490566,3.968529366,2.444502294,5.221075035,36.07753969,22.22274813,47.4643185,4197.975,7.22164073
50505,PE050505,1272,820,34,2.67295597484277,3.968529366,2.444502294,5.221075035,36.07753969,22.22274813,47.4643185,3329.92402,6.421395142
220901,PE220901,1272,229,63,4.95283018867925,3.968529366,2.444502294,5.221075035,36.07753969,22.22274813,47.4643185,58059.96062,994.2896247
160605,PE160605,1272,304,60,4.71698113207547,3.607753969,2.222274813,4.74643185,36.07753969,22.22274813,47.4643185,15301.66683,2.448525595
130302,PE130302,1272,1423,43,3.38050314465409,3.246978572,2.000047332,4.271788665,36.07753969,22.22274813,47.4643185,1043.877941,6.354588815
140307,PE140307,1272,1475,46,3.61635220125786,3.246978572,2.000047332,4.271788665,36.07753969,22.22274813,47.4643185,28129.24461,50.60545136
160210,PE160210,1272,689,62,4.87421383647799,3.246978572,2.000047332,4.271788665,36.07753969,22.22274813,47.4643185,2769.477778,1.219266055
250105,PE250105,1272,222,56,4.40251572327044,3.246978572,2.000047332,4.271788665,36.07753969,22.22274813,47.4643185,84230.7067,127.2729196
120602,PE120602,1272,100,71,5.58176100628931,2.886203175,1.77781985,3.79714548,36.07753969,22.22274813,47.4643185,937.4964052,9.603955232
120609,PE120609,795,305,58,7.29559748427673,2.886203175,1.77781985,3.79714548,36.07753969,22.22274813,47.4643185,3773.407843,6.211371049
200104,PE200104,1272,537,49,3.85220125786164,2.886203175,1.77781985,3.79714548,36.07753969,22.22274813,47.4643185,111954.3544,171.8864697
220709,PE220709,1272,32,63,4.95283018867925,2.886203175,1.77781985,3.79714548,36.07753969,22.22274813,47.4643185,2935.74085,8.754942715
221003,PE221003,1272,273,60,4.71698113207547,2.886203175,1.77781985,3.79714548,36.07753969,22.22274813,47.4643185,6923.107026,3.058838414
90705,PE090705,1272,325,60,4.71698113207547,2.525427778,1.555592369,3.322502295,36.07753969,22.22274813,47.4643185,5935.932353,18.29051286
170303,PE170303,1272,300,45,3.5377358490566,2.525427778,1.555592369,3.322502295,36.07753969,22.22274813,47.4643185,1974.473856,0.562149417
220105,PE220105,1272,261,63,4.95283018867925,2.525427778,1.555592369,3.322502295,36.07753969,22.22274813,47.4643185,10525.58513,18.04132789
100701,PE100701,1272,93,64,5.0314465408805,2.164652381,1.333364888,2.84785911,36.07753969,22.22274813,47.4643185,5500.460458,7.850340004
130812,PE130812,477,401,5,1.0482180293501,2.164652381,1.333364888,2.84785911,36.07753969,22.22274813,47.4643185,2859.126797,21.92381319
160507,PE160507,1272,228,60,4.71698113207547,2.164652381,1.333364888,2.84785911,36.07753969,22.22274813,47.4643185,2223.463235,0.856644889
250303,PE250303,1272,383,57,4.4811320754717,2.164652381,1.333364888,2.84785911,36.07753969,22.22274813,47.4643185,5400.875,2.874178131
60903,PE060903,477,568,8,1.67714884696017,1.803876984,1.111137407,2.373215925,36.07753969,22.22274813,47.4643185,22873.79259,25.32725973
160503,PE160503,1272,69,60,4.71698113207547,1.803876984,1.111137407,2.373215925,36.07753969,22.22274813,47.4643185,1380.030882,1.722739696
160505,PE160505,1272,283,60,4.71698113207547,1.803876984,1.111137407,2.373215925,36.07753969,22.22274813,47.4643185,6313.136601,1.289609082
160510,PE160510,1272,163,60,4.71698113207547,1.803876984,1.111137407,2.373215925,36.07753969,22.22274813,47.4643185,4708.600817,4.05769256
160601,PE160601,1272,154,60,4.71698113207547,1.803876984,1.111137407,2.373215925,36.07753969,22.22274813,47.4643185,25985.38399,2.360045503
160604,PE160604,1272,27,60,4.71698113207547,1.803876984,1.111137407,2.373215925,36.07753969,22.22274813,47.4643185,5779.504248,0.773019776
190301,PE190301,1272,161,45,3.5377358490566,1.803876984,1.111137407,2.373215925,36.07753969,22.22274813,47.4643185,7328.132516,18.22027309
200606,PE200606,1272,201,48,3.77358490566038,1.803876984,1.111137407,2.373215925,36.07753969,22.22274813,47.4643185,8991.376307,18.87440029
60801,PE060801,1272,1341,46,3.61635220125786,1.803876984,1.111137407,2.373215925,36.07753969,22.22274813,47.4643185,68495.83088,123.1578359
220904,PE220904,1272,235,63,4.95283018867925,1.803876984,1.111137407,2.373215925,36.07753969,22.22274813,47.4643185,4500.150817,4.726544946
50707,PE050707,1272,121,34,2.67295597484277,1.443101587,0.888909925,1.89857274,36.07753969,22.22274813,47.4643185,225.8665033,2.192975985
60810,PE060810,1272,143,46,3.61635220125786,1.443101587,0.888909925,1.89857274,36.07753969,22.22274813,47.4643185,2497.881209,9.775857388
140302,PE140302,1272,583,46,3.61635220125786,1.443101587,0.888909925,1.89857274,36.07753969,22.22274813,47.4643185,1775.965359,22.97262392
200101,PE200101,1272,1333,49,3.85220125786164,1.443101587,0.888909925,1.89857274,36.07753969,22.22274813,47.4643185,182602.9101,938.5686563
200107,PE200107,1272,462,49,3.85220125786164,1.443101587,0.888909925,1.89857274,36.07753969,22.22274813,47.4643185,7523.729085,34.88949776
200302,PE200302,1272,831,48,3.77358490566038,1.443101587,0.888909925,1.89857274,36.07753969,22.22274813,47.4643185,6307.18219,20.24675869
200401,PE200401,1272,2713,48,3.77358490566038,1.443101587,0.888909925,1.89857274,36.07753969,22.22274813,47.4643185,63025.48137,75.45298152
200505,PE200505,1272,93,47,3.69496855345912,1.443101587,0.888909925,1.89857274,36.07753969,22.22274813,47.4643185,17779.28154,30.92597058
200603,PE200603,1272,122,48,3.77358490566038,1.443101587,0.888909925,1.89857274,36.07753969,22.22274813,47.4643185,11007.60033,58.60224215
220807,PE220807,1272,33,60,4.71698113207547,1.443101587,0.888909925,1.89857274,36.07753969,22.22274813,47.4643185,3306.567157,47.83933718
250103,PE250103,1272,211,56,4.40251572327044,1.443101587,0.888909925,1.89857274,36.07753969,22.22274813,47.4643185,5089.608333,0.690358684
50401,PE050401,1272,182,47,3.69496855345912,1.082326191,0.666682444,1.423929555,36.07753969,22.22274813,47.4643185,21705.70245,131.7826479
60901,PE060901,1272,556,45,3.5377358490566,1.082326191,0.666682444,1.423929555,36.07753969,22.22274813,47.4643185,16297.55523,45.70034083
100601,PE100601,1272,51,50,3.93081761006289,1.082326191,0.666682444,1.423929555,36.07753969,22.22274813,47.4643185,11968.24297,45.35517644
120306,PE120306,1272,157,55,4.32389937106918,1.082326191,0.666682444,1.423929555,36.07753969,22.22274813,47.4643185,7771.594935,19.75391967
130106,PE130106,1272,1360,46,3.61635220125786,1.082326191,0.666682444,1.423929555,36.07753969,22.22274813,47.4643185,27155.1884,55.18167811
160804,PE160804,795,718,53,6.66666666666667,1.082326191,0.666682444,1.423929555,36.07753969,22.22274813,47.4643185,4003.303529,0.222859332
170103,PE170103,1272,237,45,3.5377358490566,1.082326191,0.666682444,1.423929555,36.07753969,22.22274813,47.4643185,7300.551634,0.943054382
170201,PE170201,1272,263,43,3.38050314465409,1.082326191,0.666682444,1.423929555,36.07753969,22.22274813,47.4643185,9053.52598,1.041354464
200210,PE200210,1272,269,47,3.69496855345912,1.082326191,0.666682444,1.423929555,36.07753969,22.22274813,47.4643185,53013.24657,49.56300303
200405,PE200405,1272,988,48,3.77358490566038,1.082326191,0.666682444,1.423929555,36.07753969,22.22274813,47.4643185,6024.106536,34.98822611
200408,PE200408,1272,316,48,3.77358490566038,1.082326191,0.666682444,1.423929555,36.07753969,22.22274813,47.4643185,681.2129085,8.472776379
220104,PE220104,1272,117,63,4.95283018867925,1.082326191,0.666682444,1.423929555,36.07753969,22.22274813,47.4643185,5016.693791,12.99420075
220502,PE220502,1272,25,63,4.95283018867925,1.082326191,0.666682444,1.423929555,36.07753969,22.22274813,47.4643185,4811.660458,16.2445136
220806,PE220806,477,199,10,2.09643605870021,1.082326191,0.666682444,1.423929555,36.07753969,22.22274813,47.4643185,711.4383442,13.53527723
240106,PE240106,1272,290,35,2.75157232704403,1.082326191,0.666682444,1.423929555,36.07753969,22.22274813,47.4643185,8022.076471,69.69492716
250301,PE250301,1272,92,57,4.4811320754717,1.082326191,0.666682444,1.423929555,36.07753969,22.22274813,47.4643185,25082.43415,5.318375938
10201,PE010201,1272,189,32,2.51572327044025,0.721550794,0.444454963,0.94928637,36.07753969,22.22274813,47.4643185,18897.67124,142.1202976
10401,PE010401,1272,1168,31,2.43710691823899,0.721550794,0.444454963,0.94928637,36.07753969,22.22274813,47.4643185,14710.25719,3.516897472
50509,PE050509,795,149,25,3.14465408805031,0.721550794,0.444454963,0.94928637,36.07753969,22.22274813,47.4643185,5849.338824,15.38610938
61007,PE061007,1272,325,45,3.5377358490566,0.721550794,0.444454963,0.94928637,36.07753969,22.22274813,47.4643185,8967.449837,15.38433805
80905,PE080905,1272,622,63,4.95283018867925,0.721550794,0.444454963,0.94928637,36.07753969,22.22274813,47.4643185,11317.30654,13.1220371
90718,PE090718,1272,91,60,4.71698113207547,0.721550794,0.444454963,0.94928637,36.07753969,22.22274813,47.4643185,2472.700817,9.666767027
100903,PE100903,1272,117,49,3.85220125786164,0.721550794,0.444454963,0.94928637,36.07753969,22.22274813,47.4643185,4225.548529,4.451348978
100904,PE100904,1272,69,49,3.85220125786164,0.721550794,0.444454963,0.94928637,36.07753969,22.22274813,47.4643185,5761.258007,3.308651422
120304,PE120304,1272,414,55,4.32389937106918,0.721550794,0.444454963,0.94928637,36.07753969,22.22274813,47.4643185,3768.068627,19.57557865
120603,PE120603,1272,74,71,5.58176100628931,0.721550794,0.444454963,0.94928637,36.07753969,22.22274813,47.4643185,1600.328431,5.188893368
120605,PE120605,1272,65,71,5.58176100628931,0.721550794,0.444454963,0.94928637,36.07753969,22.22274813,47.4643185,7937.221569,8.348285882
130303,PE130303,1272,531,43,3.38050314465409,0.721550794,0.444454963,0.94928637,36.07753969,22.22274813,47.4643185,3101.280392,9.58787236
130304,PE130304,1272,234,43,3.38050314465409,0.721550794,0.444454963,0.94928637,36.07753969,22.22274813,47.4643185,1382.901471,7.322168891
140310,PE140310,1272,691,46,3.61635220125786,0.721550794,0.444454963,0.94928637,36.07753969,22.22274813,47.4643185,10230.95147,10.19827212
160506,PE160506,1272,109,60,4.71698113207547,0.721550794,0.444454963,0.94928637,36.07753969,22.22274813,47.4643185,3327.594935,0.529347826
160802,PE160802,795,201,53,6.66666666666667,0.721550794,0.444454963,0.94928637,36.07753969,22.22274813,47.4643185,1697.133333,0.236882537
170301,PE170301,1272,53,45,3.5377358490566,0.721550794,0.444454963,0.94928637,36.07753969,22.22274813,47.4643185,1159.346405,0.083901881
190304,PE190304,1272,193,45,3.5377358490566,0.721550794,0.444454963,0.94928637,36.07753969,22.22274813,47.4643185,10516.13056,3.769534419
200306,PE200306,1272,1169,48,3.77358490566038,0.721550794,0.444454963,0.94928637,36.07753969,22.22274813,47.4643185,7782.626144,37.48271913
200407,PE200407,477,529,8,1.67714884696017,0.721550794,0.444454963,0.94928637,36.07753969,22.22274813,47.4643185,6442.738998,25.73179388
200410,PE200410,477,365,8,1.67714884696017,0.721550794,0.444454963,0.94928637,36.07753969,22.22274813,47.4643185,1479.733333,6.771736543
210805,PE210805,477,2,19,3.9832285115304,0.721550794,0.444454963,0.94928637,36.07753969,22.22274813,47.4643185,9568.673203,13.83983359
220201,PE220201,1272,84,63,4.95283018867925,0.721550794,0.444454963,0.94928637,36.07753969,22.22274813,47.4643185,8231.609967,31.73571572
220501,PE220501,1272,59,63,4.95283018867925,0.721550794,0.444454963,0.94928637,36.07753969,22.22274813,47.4643185,10481.33562,80.85668402
220511,PE220511,1272,19,63,4.95283018867925,0.721550794,0.444454963,0.94928637,36.07753969,22.22274813,47.4643185,3023.09281,17.3240749
240105,PE240105,1272,193,35,2.75157232704403,0.721550794,0.444454963,0.94928637,36.07753969,22.22274813,47.4643185,10681.29248,18.23328506
240304,PE240304,1272,684,35,2.75157232704403,0.721550794,0.444454963,0.94928637,36.07753969,22.22274813,47.4643185,8827.528268,43.60945556
250107,PE250107,1272,35,56,4.40251572327044,0.721550794,0.444454963,0.94928637,36.07753969,22.22274813,47.4643185,41884.90523,64.94739303
10103,PE010103,1272,346,31,2.43710691823899,0.360775397,0.222227481,0.474643185,36.07753969,22.22274813,47.4643185,953.8962418,2.998191742
10205,PE010205,1272,62,32,2.51572327044025,0.360775397,0.222227481,0.474643185,36.07753969,22.22274813,47.4643185,23508.81193,5.127436731
10704,PE010704,1272,35,31,2.43710691823899,0.360775397,0.222227481,0.474643185,36.07753969,22.22274813,47.4643185,11435.0018,37.18879439
21603,PE021603,1272,111,51,4.00943396226415,0.360775397,0.222227481,0.474643185,36.07753969,22.22274813,47.4643185,9526.055556,28.11475503
30105,PE030105,477,2,14,2.93501048218029,0.360775397,0.222227481,0.474643185,36.07753969,22.22274813,47.4643185,5358.95817,12.54757772
30201,PE030201,477,12,14,2.93501048218029,0.360775397,0.222227481,0.474643185,36.07753969,22.22274813,47.4643185,19466.62658,98.73279392
30208,PE030208,1272,13,58,4.55974842767296,0.360775397,0.222227481,0.474643185,36.07753969,22.22274813,47.4643185,4492.095588,17.31787812
30604,PE030604,1272,463,58,4.55974842767296,0.360775397,0.222227481,0.474643185,36.07753969,22.22274813,47.4643185,7372.950327,21.98162175
30605,PE030605,1272,21,58,4.55974842767296,0.360775397,0.222227481,0.474643185,36.07753969,22.22274813,47.4643185,5209.456699,24.01632252
30606,PE030606,1272,91,58,4.55974842767296,0.360775397,0.222227481,0.474643185,36.07753969,22.22274813,47.4643185,1715.964869,14.94105077
50101,PE050101,1272,80,34,2.67295597484277,0.360775397,0.222227481,0.474643185,36.07753969,22.22274813,47.4643185,41998.4134,512.8698104
50103,PE050103,477,3,9,1.88679245283019,0.360775397,0.222227481,0.474643185,36.07753969,22.22274813,47.4643185,2339.273203,15.14088366
50106,PE050106,1272,43,34,2.67295597484277,0.360775397,0.222227481,0.474643185,36.07753969,22.22274813,47.4643185,5414.48268,17.99660649
50402,PE050402,1272,335,47,3.69496855345912,0.360775397,0.222227481,0.474643185,36.07753969,22.22274813,47.4643185,6600.234314,17.82624981
50504,PE050504,1272,25,34,2.67295597484277,0.360775397,0.222227481,0.474643185,36.07753969,22.22274813,47.4643185,3072.49183,19.9188084
60601,PE060601,1272,23,45,3.5377358490566,0.360775397,0.222227481,0.474643185,36.07753969,22.22274813,47.4643185,33411.15997,77.73487815
60807,PE060807,1272,564,46,3.61635220125786,0.360775397,0.222227481,0.474643185,36.07753969,22.22274813,47.4643185,9200.104085,11.33634314
60809,PE060809,477,148,8,1.67714884696017,0.360775397,0.222227481,0.474643185,36.07753969,22.22274813,47.4643185,4240.675817,11.60721083
60812,PE060812,477,65,8,1.67714884696017,0.360775397,0.222227481,0.474643185,36.07753969,22.22274813,47.4643185,7362.901089,27.45788074
60902,PE060902,1272,74,45,3.5377358490566,0.360775397,0.222227481,0.474643185,36.07753969,22.22274813,47.4643185,20202.33611,56.66649619
61101,PE061101,477,1,8,1.67714884696017,0.360775397,0.222227481,0.474643185,36.07753969,22.22274813,47.4643185,8994.811329,25.35294982
61301,PE061301,477,13,8,1.67714884696017,0.360775397,0.222227481,0.474643185,36.07753969,22.22274813,47.4643185,7642.23878,72.6694462
81212,PE081212,477,2,16,3.35429769392034,0.360775397,0.222227481,0.474643185,36.07753969,22.22274813,47.4643185,7296.450109,20.03498532
90510,PE090510,477,2,19,3.9832285115304,0.360775397,0.222227481,0.474643185,36.07753969,22.22274813,47.4643185,3493.775163,22.42051102
90716,PE090716,477,10,19,3.9832285115304,0.360775397,0.222227481,0.474643185,36.07753969,22.22274813,47.4643185,3025.176471,10.5129929
90717,PE090717,1272,74,60,4.71698113207547,0.360775397,0.222227481,0.474643185,36.07753969,22.22274813,47.4643185,4836.846895,17.12181605
100101,PE100101,1272,6,49,3.85220125786164,0.360775397,0.222227481,0.474643185,36.07753969,22.22274813,47.4643185,110951.9647,868.1049523
100507,PE100507,1272,89,50,3.93081761006289,0.360775397,0.222227481,0.474643185,36.07753969,22.22274813,47.4643185,12169.15866,8.67078814
110102,PE110102,477,1,12,2.51572327044025,0.360775397,0.222227481,0.474643185,36.07753969,22.22274813,47.4643185,40422.4719,495.1247079
120201,PE120201,477,1,11,2.30607966457023,0.360775397,0.222227481,0.474643185,36.07753969,22.22274813,47.4643185,4954.294118,271.5496418
120501,PE120501,1272,14,55,4.32389937106918,0.360775397,0.222227481,0.474643185,36.07753969,22.22274813,47.4643185,15118.50212,17.37732984
130306,PE130306,1272,95,43,3.38050314465409,0.360775397,0.222227481,0.474643185,36.07753969,22.22274813,47.4643185,344.0132353,3.433593834
130803,PE130803,1272,63,43,3.38050314465409,0.360775397,0.222227481,0.474643185,36.07753969,22.22274813,47.4643185,5983.101471,19.39383504
130804,PE130804,1272,25,43,3.38050314465409,0.360775397,0.222227481,0.474643185,36.07753969,22.22274813,47.4643185,5007.671242,20.69660403
130811,PE130811,1272,240,43,3.38050314465409,0.360775397,0.222227481,0.474643185,36.07753969,22.22274813,47.4643185,3858.155392,29.57645242
130901,PE130901,1272,47,43,3.38050314465409,0.360775397,0.222227481,0.474643185,36.07753969,22.22274813,47.4643185,61157.71667,147.2790743
130903,PE130903,1272,305,43,3.38050314465409,0.360775397,0.222227481,0.474643185,36.07753969,22.22274813,47.4643185,3454.748693,13.16189682
130905,PE130905,1272,33,43,3.38050314465409,0.360775397,0.222227481,0.474643185,36.07753969,22.22274813,47.4643185,9219.834314,39.19775746
131202,PE131202,1272,620,43,3.38050314465409,0.360775397,0.222227481,0.474643185,36.07753969,22.22274813,47.4643185,16016.84918,9.578276265
140101,PE140101,1272,185,47,3.69496855345912,0.360775397,0.222227481,0.474643185,36.07753969,22.22274813,47.4643185,233814.8322,4955.11224
140303,PE140303,477,555,8,1.67714884696017,0.360775397,0.222227481,0.474643185,36.07753969,22.22274813,47.4643185,2753.984749,114.5755
140308,PE140308,1272,349,46,3.61635220125786,0.360775397,0.222227481,0.474643185,36.07753969,22.22274813,47.4643185,94537.76307,16.97470701
150604,PE150604,477,8,11,2.30607966457023,0.360775397,0.222227481,0.474643185,36.07753969,22.22274813,47.4643185,15065.64227,20.95213773
170302,PE170302,1272,39,45,3.5377358490566,0.360775397,0.222227481,0.474643185,36.07753969,22.22274813,47.4643185,5199.926471,2.012099752
200203,PE200203,1272,153,47,3.69496855345912,0.360775397,0.222227481,0.474643185,36.07753969,22.22274813,47.4643185,2324.997222,23.82917679
200207,PE200207,1272,722,47,3.69496855345912,0.360775397,0.222227481,0.474643185,36.07753969,22.22274813,47.4643185,9803.67598,30.29381594
200208,PE200208,1272,56,47,3.69496855345912,0.360775397,0.222227481,0.474643185,36.07753969,22.22274813,47.4643185,5511.386601,20.01473813
200402,PE200402,1272,324,48,3.77358490566038,0.360775397,0.222227481,0.474643185,36.07753969,22.22274813,47.4643185,9440.145098,38.13344384
200406,PE200406,1272,1255,48,3.77358490566038,0.360775397,0.222227481,0.474643185,36.07753969,22.22274813,47.4643185,9823.372386,16.14052098
200604,PE200604,1272,108,48,3.77358490566038,0.360775397,0.222227481,0.474643185,36.07753969,22.22274813,47.4643185,54107.85098,25.33809505
200701,PE200701,1272,42,47,3.69496855345912,0.360775397,0.222227481,0.474643185,36.07753969,22.22274813,47.4643185,87601.27484,78.28227949
200706,PE200706,1272,57,47,3.69496855345912,0.360775397,0.222227481,0.474643185,36.07753969,22.22274813,47.4643185,5191.740196,53.10720803
210806,PE210806,477,1,19,3.9832285115304,0.360775397,0.222227481,0.474643185,36.07753969,22.22274813,47.4643185,20161.4549,9.160929076
220102,PE220102,1272,270,63,4.95283018867925,0.360775397,0.222227481,0.474643185,36.07753969,22.22274813,47.4643185,2070.251797,17.86638906
220103,PE220103,1272,70,63,4.95283018867925,0.360775397,0.222227481,0.474643185,36.07753969,22.22274813,47.4643185,3232.268137,46.98655765
220203,PE220203,1272,21,63,4.95283018867925,0.360775397,0.222227481,0.474643185,36.07753969,22.22274813,47.4643185,6944.81634,6.188124121
220301,PE220301,1272,115,63,4.95283018867925,0.360775397,0.222227481,0.474643185,36.07753969,22.22274813,47.4643185,11415.67271,36.98823807
220401,PE220401,1272,31,60,4.71698113207547,0.360775397,0.222227481,0.474643185,36.07753969,22.22274813,47.4643185,5780.924673,11.00330595
220506,PE220506,795,7,50,6.28930817610063,0.360775397,0.222227481,0.474643185,36.07753969,22.22274813,47.4643185,4568.107451,8.172400194
220508,PE220508,1272,3,63,4.95283018867925,0.360775397,0.222227481,0.474643185,36.07753969,22.22274813,47.4643185,6287.404085,9.639266771
220603,PE220603,1272,8,60,4.71698113207547,0.360775397,0.222227481,0.474643185,36.07753969,22.22274813,47.4643185,31959.95605,3.280516651
220605,PE220605,1272,11,60,4.71698113207547,0.360775397,0.222227481,0.474643185,36.07753969,22.22274813,47.4643185,2775.435131,6.125541095
220704,PE220704,477,4,13,2.72536687631027,0.360775397,0.222227481,0.474643185,36.07753969,22.22274813,47.4643185,2260.604357,33.06438038
220705,PE220705,1272,130,63,4.95283018867925,0.360775397,0.222227481,0.474643185,36.07753969,22.22274813,47.4643185,4564.763399,22.49237872
220802,PE220802,1272,99,60,4.71698113207547,0.360775397,0.222227481,0.474643185,36.07753969,22.22274813,47.4643185,8624.651797,17.03182324
221001,PE221001,1272,89,60,4.71698113207547,0.360775397,0.222227481,0.474643185,36.07753969,22.22274813,47.4643185,10210.71356,9.194099055
240103,PE240103,1272,189,35,2.75157232704403,0.360775397,0.222227481,0.474643185,36.07753969,22.22274813,47.4643185,2306.705882,35.7849168
240104,PE240104,1272,217,35,2.75157232704403,0.360775397,0.222227481,0.474643185,36.07753969,22.22274813,47.4643185,10991.16324,15.14512068
250202,PE250202,1272,26,56,4.40251572327044,0.360775397,0.222227481,0.474643185,36.07753969,22.22274813,47.4643185,4766.584804,0.616470379
250203,PE250203,1272,32,56,4.40251572327044,0.360775397,0.222227481,0.474643185,36.07753969,22.22274813,47.4643185,6970.971732,0.908288053
10101,PE010101,477,48,6,1.25786163522013,0,0,0,36.07753969,22.22274813,47.4643185,13164.2854,85.95784356
10106,PE010106,1272,69,31,2.43710691823899,0,0,0,36.07753969,22.22274813,47.4643185,740.123366,4.024102737
10107,PE010107,795,1,25,3.14465408805031,0,0,0,36.07753969,22.22274813,47.4643185,1296.713464,7.577020836
10109,PE010109,477,4,6,1.25786163522013,0,0,0,36.07753969,22.22274813,47.4643185,1182.52854,9.53486179
10110,PE010110,477,17,6,1.25786163522013,0,0,0,36.07753969,22.22274813,47.4643185,2063.88366,5.424313755
10114,PE010114,477,1,6,1.25786163522013,0,0,0,36.07753969,22.22274813,47.4643185,4675.533333,13.74272356
10118,PE010118,477,1,6,1.25786163522013,0,0,0,36.07753969,22.22274813,47.4643185,742.16122,18.37841553
10202,PE010202,1272,23,32,2.51572327044025,0,0,0,36.07753969,22.22274813,47.4643185,8713.758987,10.64030132
10203,PE010203,1272,58,32,2.51572327044025,0,0,0,36.07753969,22.22274813,47.4643185,3824.749346,38.65374751
10204,PE010204,477,5,7,1.46750524109015,0,0,0,36.07753969,22.22274813,47.4643185,1448.714161,79.75100091
10301,PE010301,1272,2,31,2.43710691823899,0,0,0,36.07753969,22.22274813,47.4643185,1733.41781,10.92930601
10305,PE010305,795,1,25,3.14465408805031,0,0,0,36.07753969,22.22274813,47.4643185,513.8596078,5.328945811
10306,PE010306,477,1,6,1.25786163522013,0,0,0,36.07753969,22.22274813,47.4643185,2543.420915,11.45722503
10307,PE010307,477,2,6,1.25786163522013,0,0,0,36.07753969,22.22274813,47.4643185,2402.566449,31.72267344
10312,PE010312,795,1,25,3.14465408805031,0,0,0,36.07753969,22.22274813,47.4643185,9872.858824,5.880070373
10402,PE010402,1272,12,31,2.43710691823899,0,0,0,36.07753969,22.22274813,47.4643185,9285.978595,1.655564748
10501,PE010501,477,1,6,1.25786163522013,0,0,0,36.07753969,22.22274813,47.4643185,1156.068845,15.8171039
10502,PE010502,477,5,6,1.25786163522013,0,0,0,36.07753969,22.22274813,47.4643185,2580.444009,11.7995761
10503,PE010503,477,160,6,1.25786163522013,0,0,0,36.07753969,22.22274813,47.4643185,2875.175163,8.397271312
10504,PE010504,477,2,6,1.25786163522013,0,0,0,36.07753969,22.22274813,47.4643185,1292.223529,12.00935648
10507,PE010507,477,2,6,1.25786163522013,0,0,0,36.07753969,22.22274813,47.4643185,878.6662309,14.98157108
10509,PE010509,477,5,6,1.25786163522013,0,0,0,36.07753969,22.22274813,47.4643185,1611.502397,16.77639766
10512,PE010512,477,11,6,1.25786163522013,0,0,0,36.07753969,22.22274813,47.4643185,4361.848802,25.37772845
10513,PE010513,477,9,6,1.25786163522013,0,0,0,36.07753969,22.22274813,47.4643185,6480.599564,17.81525667
10514,PE010514,477,43,6,1.25786163522013,0,0,0,36.07753969,22.22274813,47.4643185,4785.290196,16.46914083
10519,PE010519,477,2,6,1.25786163522013,0,0,0,36.07753969,22.22274813,47.4643185,1482.096296,17.17506275
10521,PE010521,477,7,6,1.25786163522013,0,0,0,36.07753969,22.22274813,47.4643185,740.3729847,8.232335224
10522,PE010522,477,17,6,1.25786163522013,0,0,0,36.07753969,22.22274813,47.4643185,1749.198693,16.05115024
10601,PE010601,477,7,6,1.25786163522013,0,0,0,36.07753969,22.22274813,47.4643185,2493.392593,24.41032139
10602,PE010602,795,1,25,3.14465408805031,0,0,0,36.07753969,22.22274813,47.4643185,1093.244967,7.11082857
10609,PE010609,795,1,25,3.14465408805031,0,0,0,36.07753969,22.22274813,47.4643185,1145.637386,5.089805138
10610,PE010610,1272,5,31,2.43710691823899,0,0,0,36.07753969,22.22274813,47.4643185,571.0831699,28.2442948
10701,PE010701,1272,192,31,2.43710691823899,0,0,0,36.07753969,22.22274813,47.4643185,40024.76961,55.02034498
10702,PE010702,1272,279,31,2.43710691823899,0,0,0,36.07753969,22.22274813,47.4643185,24682.11585,13.72036872
10703,PE010703,477,85,6,1.25786163522013,0,0,0,36.07753969,22.22274813,47.4643185,8346.396078,27.69517533
10705,PE010705,1272,24,31,2.43710691823899,0,0,0,36.07753969,22.22274813,47.4643185,6542.35,18.67280474
10706,PE010706,477,15,6,1.25786163522013,0,0,0,36.07753969,22.22274813,47.4643185,4264.265359,11.70807892
10707,PE010707,477,35,6,1.25786163522013,0,0,0,36.07753969,22.22274813,47.4643185,3838.32854,28.21869953
20101,PE020101,477,1,6,1.25786163522013,0,0,0,36.07753969,22.22274813,47.4643185,25654.42789,60.69482893
20102,PE020102,477,1,6,1.25786163522013,0,0,0,36.07753969,22.22274813,47.4643185,1989.008279,14.38534941
20103,PE020103,477,1,6,1.25786163522013,0,0,0,36.07753969,22.22274813,47.4643185,2196.89281,42.22955059
20104,PE020104,477,1,6,1.25786163522013,0,0,0,36.07753969,22.22274813,47.4643185,7093.517211,33.96272772
20110,PE020110,477,63,6,1.25786163522013,0,0,0,36.07753969,22.22274813,47.4643185,13236.3085,78.72803417
20202,PE020202,477,3,6,1.25786163522013,0,0,0,36.07753969,22.22274813,47.4643185,4373.771678,16.88557797
20303,PE020303,477,1,6,1.25786163522013,0,0,0,36.07753969,22.22274813,47.4643185,613.8671024,8.527342214
20304,PE020304,477,1,6,1.25786163522013,0,0,0,36.07753969,22.22274813,47.4643185,2267.383878,44.63984189
20305,PE020305,477,1,6,1.25786163522013,0,0,0,36.07753969,22.22274813,47.4643185,3188.344227,18.52999651
20401,PE020401,477,1,6,1.25786163522013,0,0,0,36.07753969,22.22274813,47.4643185,8885.657516,19.69249926
20503,PE020503,477,1,6,1.25786163522013,0,0,0,36.07753969,22.22274813,47.4643185,512.8583878,4.20655673
20507,PE020507,477,3,6,1.25786163522013,0,0,0,36.07753969,22.22274813,47.4643185,905.6396514,2.969027789
20601,PE020601,477,1,6,1.25786163522013,0,0,0,36.07753969,22.22274813,47.4643185,7795.400436,39.90841745
20611,PE020611,477,1,6,1.25786163522013,0,0,0,36.07753969,22.22274813,47.4643185,977.9943355,21.60291045
20801,PE020801,477,41,6,1.25786163522013,0,0,0,36.07753969,22.22274813,47.4643185,17732.57908,14.68258851
20802,PE020802,1272,587,52,4.08805031446541,0,0,0,36.07753969,22.22274813,47.4643185,5399.599346,11.2388141
20804,PE020804,477,795,6,1.25786163522013,0,0,0,36.07753969,22.22274813,47.4643185,8459.473203,23.15542555
21001,PE021001,477,1,6,1.25786163522013,0,0,0,36.07753969,22.22274813,47.4643185,12547.01394,31.39364938
21003,PE021003,477,1,6,1.25786163522013,0,0,0,36.07753969,22.22274813,47.4643185,4452.006536,26.90855526
21010,PE021010,477,2,6,1.25786163522013,0,0,0,36.07753969,22.22274813,47.4643185,4527.997821,32.42350859
21014,PE021014,477,1,6,1.25786163522013,0,0,0,36.07753969,22.22274813,47.4643185,12795.72505,22.78828814
21016,PE021016,477,7,6,1.25786163522013,0,0,0,36.07753969,22.22274813,47.4643185,1208.644444,23.39784933
21101,PE021101,1272,163,52,4.08805031446541,0,0,0,36.07753969,22.22274813,47.4643185,19933.45539,6.851116548
21102,PE021102,477,40,6,1.25786163522013,0,0,0,36.07753969,22.22274813,47.4643185,771.2,7.828181365
21103,PE021103,477,38,6,1.25786163522013,0,0,0,36.07753969,22.22274813,47.4643185,5337.162092,8.477061331
21104,PE021104,477,66,6,1.25786163522013,0,0,0,36.07753969,22.22274813,47.4643185,1212.006972,10.77598482
21105,PE021105,477,56,6,1.25786163522013,0,0,0,36.07753969,22.22274813,47.4643185,1085.505882,6.47447004
21204,PE021204,477,1,6,1.25786163522013,0,0,0,36.07753969,22.22274813,47.4643185,779.0479303,14.42606079
21206,PE021206,477,15,6,1.25786163522013,0,0,0,36.07753969,22.22274813,47.4643185,14568.22658,29.13042767
21301,PE021301,477,4,6,1.25786163522013,0,0,0,36.07753969,22.22274813,47.4643185,1794.972113,39.19894002
21304,PE021304,477,4,6,1.25786163522013,0,0,0,36.07753969,22.22274813,47.4643185,4854.075381,22.73075841
21305,PE021305,477,5,6,1.25786163522013,0,0,0,36.07753969,22.22274813,47.4643185,1738.423529,35.41311046
21306,PE021306,477,6,6,1.25786163522013,0,0,0,36.07753969,22.22274813,47.4643185,3289.454466,23.6470612
21401,PE021401,795,1,45,5.66037735849057,0,0,0,36.07753969,22.22274813,47.4643185,1237.676601,5.471069342
21503,PE021503,477,476,6,1.25786163522013,0,0,0,36.07753969,22.22274813,47.4643185,8877.972549,15.320649
21507,PE021507,477,1,6,1.25786163522013,0,0,0,36.07753969,22.22274813,47.4643185,380.296732,13.01155917
21508,PE021508,477,15,6,1.25786163522013,0,0,0,36.07753969,22.22274813,47.4643185,830.7869281,7.528712544
21509,PE021509,477,84,6,1.25786163522013,0,0,0,36.07753969,22.22274813,47.4643185,4442.765142,10.09887687
21510,PE021510,1272,2,51,4.00943396226415,0,0,0,36.07753969,22.22274813,47.4643185,3056.399183,10.5378686
21601,PE021601,477,39,6,1.25786163522013,0,0,0,36.07753969,22.22274813,47.4643185,7797.141176,22.66147327
21602,PE021602,477,2,6,1.25786163522013,0,0,0,36.07753969,22.22274813,47.4643185,1957.757734,22.05547977
21604,PE021604,477,13,6,1.25786163522013,0,0,0,36.07753969,22.22274813,47.4643185,2627.73159,17.55971877
21705,PE021705,477,7,6,1.25786163522013,0,0,0,36.07753969,22.22274813,47.4643185,304.6923747,3.176710499
21706,PE021706,477,1,6,1.25786163522013,0,0,0,36.07753969,22.22274813,47.4643185,1365.566885,7.480746496
21708,PE021708,477,22,6,1.25786163522013,0,0,0,36.07753969,22.22274813,47.4643185,1974.455338,7.624090861
21709,PE021709,477,1,6,1.25786163522013,0,0,0,36.07753969,22.22274813,47.4643185,672.9795207,8.603142927
21801,PE021801,1272,284,52,4.08805031446541,0,0,0,36.07753969,22.22274813,47.4643185,342403.856,236.8531699
21802,PE021802,477,23,6,1.25786163522013,0,0,0,36.07753969,22.22274813,47.4643185,9373.904575,17.74790529
21804,PE021804,477,23,6,1.25786163522013,0,0,0,36.07753969,22.22274813,47.4643185,5186.381264,8.836839466
21805,PE021805,1272,328,52,4.08805031446541,0,0,0,36.07753969,22.22274813,47.4643185,5490.407353,15.3824812
21806,PE021806,477,76,6,1.25786163522013,0,0,0,36.07753969,22.22274813,47.4643185,12582.27843,27.53964175
21807,PE021807,477,9,6,1.25786163522013,0,0,0,36.07753969,22.22274813,47.4643185,4818.998693,32.29328317
21808,PE021808,477,125,6,1.25786163522013,0,0,0,36.07753969,22.22274813,47.4643185,8297.022658,203.4988946
21809,PE021809,1272,12,52,4.08805031446541,0,0,0,36.07753969,22.22274813,47.4643185,23741.56683,59.34722606
21901,PE021901,477,63,7,1.46750524109015,0,0,0,36.07753969,22.22274813,47.4643185,599.4030501,13.02579811
21902,PE021902,477,60,7,1.46750524109015,0,0,0,36.07753969,22.22274813,47.4643185,1686.338562,11.21595058
21903,PE021903,477,7,7,1.46750524109015,0,0,0,36.07753969,22.22274813,47.4643185,1675.36732,18.80011378
21906,PE021906,477,9,7,1.46750524109015,0,0,0,36.07753969,22.22274813,47.4643185,5158.425708,18.64882068
21907,PE021907,477,316,7,1.46750524109015,0,0,0,36.07753969,22.22274813,47.4643185,2388.452288,16.1080931
21910,PE021910,477,6,7,1.46750524109015,0,0,0,36.07753969,22.22274813,47.4643185,3177.579956,38.53834329
22001,PE022001,477,1,6,1.25786163522013,0,0,0,36.07753969,22.22274813,47.4643185,11506.02484,42.11210313
22002,PE022002,477,1,6,1.25786163522013,0,0,0,36.07753969,22.22274813,47.4643185,8751.420044,63.91184587
22005,PE022005,1272,978,51,4.00943396226415,0,0,0,36.07753969,22.22274813,47.4643185,10398.2299,28.04661576
22006,PE022006,795,1,45,5.66037735849057,0,0,0,36.07753969,22.22274813,47.4643185,1332.53281,61.44816827
22007,PE022007,477,3,6,1.25786163522013,0,0,0,36.07753969,22.22274813,47.4643185,5521.673203,33.1600641
22008,PE022008,477,2,6,1.25786163522013,0,0,0,36.07753969,22.22274813,47.4643185,10684.32244,37.64408286
30101,PE030101,1272,41,58,4.55974842767296,0,0,0,36.07753969,22.22274813,47.4643185,48262.91863,168.4262541
30104,PE030104,1272,2,58,4.55974842767296,0,0,0,36.07753969,22.22274813,47.4643185,13636.25294,15.86131645
30106,PE030106,795,1,44,5.53459119496855,0,0,0,36.07753969,22.22274813,47.4643185,10309.25935,19.61439824
30107,PE030107,477,2,14,2.93501048218029,0,0,0,36.07753969,22.22274813,47.4643185,6113.944662,16.35746366
30202,PE030202,477,7,14,2.93501048218029,0,0,0,36.07753969,22.22274813,47.4643185,1511.744227,8.121232132
30204,PE030204,477,2,14,2.93501048218029,0,0,0,36.07753969,22.22274813,47.4643185,3190.487146,20.41280433
30401,PE030401,477,1,14,2.93501048218029,0,0,0,36.07753969,22.22274813,47.4643185,1428.308932,4.212928465
30501,PE030501,477,1,14,2.93501048218029,0,0,0,36.07753969,22.22274813,47.4643185,10328.73159,14.46396132
30502,PE030502,477,1,14,2.93501048218029,0,0,0,36.07753969,22.22274813,47.4643185,2863.808279,8.758903688
30601,PE030601,477,386,14,2.93501048218029,0,0,0,36.07753969,22.22274813,47.4643185,3762.92244,27.77641845
30602,PE030602,477,4,14,2.93501048218029,0,0,0,36.07753969,22.22274813,47.4643185,4171.057516,45.82966536
30603,PE030603,477,7,14,2.93501048218029,0,0,0,36.07753969,22.22274813,47.4643185,3101.579956,28.66690462
30608,PE030608,477,9,14,2.93501048218029,0,0,0,36.07753969,22.22274813,47.4643185,8467.523747,84.6698302
30701,PE030701,477,1,14,2.93501048218029,0,0,0,36.07753969,22.22274813,47.4643185,4413.025272,10.37356764
30710,PE030710,477,1,14,2.93501048218029,0,0,0,36.07753969,22.22274813,47.4643185,183.4684096,5.910260644
30712,PE030712,477,1,14,2.93501048218029,0,0,0,36.07753969,22.22274813,47.4643185,994.2575163,151.1322165
40103,PE040103,795,1,73,9.18238993710692,0,0,0,36.07753969,22.22274813,47.4643185,50642.19242,217.5047801
40306,PE040306,477,1,19,3.9832285115304,0,0,0,36.07753969,22.22274813,47.4643185,7998.786057,5.775920306
40312,PE040312,477,2,19,3.9832285115304,0,0,0,36.07753969,22.22274813,47.4643185,5022.756427,4.846753257
50102,PE050102,477,1,9,1.88679245283019,0,0,0,36.07753969,22.22274813,47.4643185,9068.279303,21.07985547
50104,PE050104,477,3,9,1.88679245283019,0,0,0,36.07753969,22.22274813,47.4643185,9048.783878,524.0691633
50105,PE050105,477,3,9,1.88679245283019,0,0,0,36.07753969,22.22274813,47.4643185,9532.311983,20.95905264
50107,PE050107,477,1,9,1.88679245283019,0,0,0,36.07753969,22.22274813,47.4643185,673.453159,12.7633554
50108,PE050108,477,3,9,1.88679245283019,0,0,0,36.07753969,22.22274813,47.4643185,3089.297168,26.88892121
50109,PE050109,477,1,9,1.88679245283019,0,0,0,36.07753969,22.22274813,47.4643185,820.4662309,10.11600659
50110,PE050110,1272,9,34,2.67295597484277,0,0,0,36.07753969,22.22274813,47.4643185,31016.55392,2072.535566
50113,PE050113,477,1,9,1.88679245283019,0,0,0,36.07753969,22.22274813,47.4643185,3626.046187,24.01781177
50114,PE050114,477,1,9,1.88679245283019,0,0,0,36.07753969,22.22274813,47.4643185,17657.61743,19.29566093
50115,PE050115,477,1,9,1.88679245283019,0,0,0,36.07753969,22.22274813,47.4643185,19218.75076,1209.918192
50201,PE050201,1272,5,34,2.67295597484277,0,0,0,36.07753969,22.22274813,47.4643185,3707.472059,20.117367
50202,PE050202,477,1,9,1.88679245283019,0,0,0,36.07753969,22.22274813,47.4643185,5283.428758,12.8263508
50204,PE050204,477,1,9,1.88679245283019,0,0,0,36.07753969,22.22274813,47.4643185,1537.589978,11.66879342
50404,PE050404,477,12,9,1.88679245283019,0,0,0,36.07753969,22.22274813,47.4643185,2863.076688,47.29283727
50405,PE050405,1272,21,47,3.69496855345912,0,0,0,36.07753969,22.22274813,47.4643185,5220.712418,36.79281283
50406,PE050406,795,2,38,4.77987421383648,0,0,0,36.07753969,22.22274813,47.4643185,7245.304052,25.31712883
50409,PE050409,795,16,38,4.77987421383648,0,0,0,36.07753969,22.22274813,47.4643185,2336.490458,8.680027691
50410,PE050410,795,1,38,4.77987421383648,0,0,0,36.07753969,22.22274813,47.4643185,7322.680261,28.64776165
50506,PE050506,1272,13,34,2.67295597484277,0,0,0,36.07753969,22.22274813,47.4643185,2606.038725,19.47448943
50508,PE050508,1272,19,34,2.67295597484277,0,0,0,36.07753969,22.22274813,47.4643185,13737.44771,44.43297451
50510,PE050510,795,81,25,3.14465408805031,0,0,0,36.07753969,22.22274813,47.4643185,2594.630065,9.719405424
50512,PE050511,795,1,25,3.14465408805031,0,0,0,36.07753969,22.22274813,47.4643185,3610.301699,6.519844313
50513,PE050511,795,5,25,3.14465408805031,0,0,0,36.07753969,22.22274813,47.4643185,3610.301699,6.519844313
50701,PE050701,477,1,9,1.88679245283019,0,0,0,36.07753969,22.22274813,47.4643185,6066.129847,4.36913538
50706,PE050706,477,1,9,1.88679245283019,0,0,0,36.07753969,22.22274813,47.4643185,3935.309368,6.117555467
51102,PE051102,477,1,9,1.88679245283019,0,0,0,36.07753969,22.22274813,47.4643185,1018.105882,11.77402049
51103,PE051103,477,1,9,1.88679245283019,0,0,0,36.07753969,22.22274813,47.4643185,1526.224837,28.1152647
51104,PE051104,1272,88,34,2.67295597484277,0,0,0,36.07753969,22.22274813,47.4643185,3219.949346,15.2008995
60106,PE060106,477,1,8,1.67714884696017,0,0,0,36.07753969,22.22274813,47.4643185,16908.58519,57.28367213
60109,PE060109,477,30,8,1.67714884696017,0,0,0,36.07753969,22.22274813,47.4643185,3409.971242,16.47515755
60201,PE060201,1272,42,45,3.5377358490566,0,0,0,36.07753969,22.22274813,47.4643185,17703.4817,93.12755894
60202,PE060202,477,1,8,1.67714884696017,0,0,0,36.07753969,22.22274813,47.4643185,41141.6732,50.33029237
60203,PE060203,1272,3,45,3.5377358490566,0,0,0,36.07753969,22.22274813,47.4643185,12992.46879,65.9661488
60301,PE060301,1272,127,45,3.5377358490566,0,0,0,36.07753969,22.22274813,47.4643185,18530.77827,45.97089781
60302,PE060302,1272,57,45,3.5377358490566,0,0,0,36.07753969,22.22274813,47.4643185,1339.56585,6.539001271
60303,PE060303,1272,50,45,3.5377358490566,0,0,0,36.07753969,22.22274813,47.4643185,2731.817484,10.85521377
60304,PE060304,477,7,8,1.67714884696017,0,0,0,36.07753969,22.22274813,47.4643185,16084.35076,36.11145891
60305,PE060305,477,3,8,1.67714884696017,0,0,0,36.07753969,22.22274813,47.4643185,1587.001743,30.62246675
60306,PE060306,477,2,8,1.67714884696017,0,0,0,36.07753969,22.22274813,47.4643185,5987.217429,118.874903
60307,PE060307,477,16,8,1.67714884696017,0,0,0,36.07753969,22.22274813,47.4643185,8345.459695,31.79805356
60308,PE060308,477,63,8,1.67714884696017,0,0,0,36.07753969,22.22274813,47.4643185,6112.159477,21.71207357
60309,PE060309,477,1,8,1.67714884696017,0,0,0,36.07753969,22.22274813,47.4643185,6729.810458,40.38839873
60310,PE060310,477,2,8,1.67714884696017,0,0,0,36.07753969,22.22274813,47.4643185,21938.55643,83.62070159
60311,PE060311,1272,16,45,3.5377358490566,0,0,0,36.07753969,22.22274813,47.4643185,1671.650817,16.89924234
60312,PE060312,477,23,8,1.67714884696017,0,0,0,36.07753969,22.22274813,47.4643185,6419.183442,37.87521045
60401,PE060401,477,17,8,1.67714884696017,0,0,0,36.07753969,22.22274813,47.4643185,26331.55294,98.90938448
60403,PE060403,477,1,8,1.67714884696017,0,0,0,36.07753969,22.22274813,47.4643185,1204.106318,18.58661603
60406,PE060406,477,7,8,1.67714884696017,0,0,0,36.07753969,22.22274813,47.4643185,1447.04183,6.979426994
60407,PE060407,477,3,8,1.67714884696017,0,0,0,36.07753969,22.22274813,47.4643185,7195.045316,61.08438585
60409,PE060409,477,1,8,1.67714884696017,0,0,0,36.07753969,22.22274813,47.4643185,15973.60174,65.09875307
60411,PE060411,477,5,8,1.67714884696017,0,0,0,36.07753969,22.22274813,47.4643185,20292.84706,41.36017017
60412,PE060412,477,7,8,1.67714884696017,0,0,0,36.07753969,22.22274813,47.4643185,10580.66885,25.12063093
60413,PE060413,477,1,8,1.67714884696017,0,0,0,36.07753969,22.22274813,47.4643185,2246.074074,22.91413133
60414,PE060414,477,4,8,1.67714884696017,0,0,0,36.07753969,22.22274813,47.4643185,4747.985621,33.63509285
60416,PE060416,477,1,8,1.67714884696017,0,0,0,36.07753969,22.22274813,47.4643185,8929.178649,44.62645676
60417,PE060417,477,4,8,1.67714884696017,0,0,0,36.07753969,22.22274813,47.4643185,7855.326797,40.67459669
60418,PE060418,1272,32,45,3.5377358490566,0,0,0,36.07753969,22.22274813,47.4643185,7530.244935,34.70886106
60419,PE060419,477,4,8,1.67714884696017,0,0,0,36.07753969,22.22274813,47.4643185,6368.2122,35.89857928
60501,PE060501,477,2,8,1.67714884696017,0,0,0,36.07753969,22.22274813,47.4643185,4753.325926,13.51011813
60502,PE060502,477,16,8,1.67714884696017,0,0,0,36.07753969,22.22274813,47.4643185,2225.592157,16.95075856
60507,PE060507,477,21,8,1.67714884696017,0,0,0,36.07753969,22.22274813,47.4643185,939.4457516,6.392791893
60508,PE060508,477,11,8,1.67714884696017,0,0,0,36.07753969,22.22274813,47.4643185,9566.136383,17.55544659
60602,PE060602,477,18,8,1.67714884696017,0,0,0,36.07753969,22.22274813,47.4643185,16389.07277,53.21767324
60603,PE060603,477,91,8,1.67714884696017,0,0,0,36.07753969,22.22274813,47.4643185,12359.98998,47.68648622
60604,PE060604,477,4,8,1.67714884696017,0,0,0,36.07753969,22.22274813,47.4643185,3444.099782,34.88189831
60605,PE060605,477,17,8,1.67714884696017,0,0,0,36.07753969,22.22274813,47.4643185,806.7891068,23.3506791
60606,PE060606,477,29,8,1.67714884696017,0,0,0,36.07753969,22.22274813,47.4643185,12268.62745,72.54511402
60607,PE060607,1272,262,45,3.5377358490566,0,0,0,36.07753969,22.22274813,47.4643185,17248.27386,25.12648617
60608,PE060608,477,2,8,1.67714884696017,0,0,0,36.07753969,22.22274813,47.4643185,5233.539869,42.06450551
60609,PE060609,477,16,8,1.67714884696017,0,0,0,36.07753969,22.22274813,47.4643185,2182.31329,31.99346527
60610,PE060610,477,5,8,1.67714884696017,0,0,0,36.07753969,22.22274813,47.4643185,6501.999129,63.42529674
60611,PE060611,477,2,8,1.67714884696017,0,0,0,36.07753969,22.22274813,47.4643185,3321.90719,25.65881844
60612,PE060612,477,2,8,1.67714884696017,0,0,0,36.07753969,22.22274813,47.4643185,3929.528105,37.58066858
60613,PE060613,477,30,8,1.67714884696017,0,0,0,36.07753969,22.22274813,47.4643185,7703.356863,33.86689605
60614,PE060614,477,7,8,1.67714884696017,0,0,0,36.07753969,22.22274813,47.4643185,10894.44401,70.52350172
60615,PE060615,477,2,8,1.67714884696017,0,0,0,36.07753969,22.22274813,47.4643185,9151.11329,70.77882085
60802,PE060802,1272,159,46,3.61635220125786,0,0,0,36.07753969,22.22274813,47.4643185,37524.10343,43.3360249
60803,PE060803,477,10,8,1.67714884696017,0,0,0,36.07753969,22.22274813,47.4643185,16072.20697,34.85212783
60804,PE060804,1272,33,46,3.61635220125786,0,0,0,36.07753969,22.22274813,47.4643185,17823.19739,29.55354853
60805,PE060805,477,13,8,1.67714884696017,0,0,0,36.07753969,22.22274813,47.4643185,2960.938126,34.91012869
60806,PE060806,477,12,8,1.67714884696017,0,0,0,36.07753969,22.22274813,47.4643185,2979.007843,45.62710742
60808,PE060808,1272,127,46,3.61635220125786,0,0,0,36.07753969,22.22274813,47.4643185,6882.371405,31.10777079
60811,PE060811,477,180,8,1.67714884696017,0,0,0,36.07753969,22.22274813,47.4643185,10880.58824,21.58401816
60904,PE060904,477,71,8,1.67714884696017,0,0,0,36.07753969,22.22274813,47.4643185,28758.70414,71.25763257
60905,PE060905,477,239,8,1.67714884696017,0,0,0,36.07753969,22.22274813,47.4643185,9281.141612,14.65718149
60906,PE060906,477,81,8,1.67714884696017,0,0,0,36.07753969,22.22274813,47.4643185,27281.43355,20.07343768
60907,PE060907,477,67,8,1.67714884696017,0,0,0,36.07753969,22.22274813,47.4643185,12407.44139,16.01861646
61001,PE061001,477,2,8,1.67714884696017,0,0,0,36.07753969,22.22274813,47.4643185,21766.46667,89.72393234
61002,PE061002,477,8,8,1.67714884696017,0,0,0,36.07753969,22.22274813,47.4643185,2204.459259,32.27919779
61004,PE061004,795,1,37,4.65408805031447,0,0,0,36.07753969,22.22274813,47.4643185,9678.381438,43.80887356
61005,PE061005,477,3,8,1.67714884696017,0,0,0,36.07753969,22.22274813,47.4643185,1858.008715,27.37127928
61006,PE061006,477,27,8,1.67714884696017,0,0,0,36.07753969,22.22274813,47.4643185,1356.588235,12.58821184
61102,PE061102,477,1,8,1.67714884696017,0,0,0,36.07753969,22.22274813,47.4643185,580.9211329,6.879883471
61105,PE061105,477,32,8,1.67714884696017,0,0,0,36.07753969,22.22274813,47.4643185,1626.639216,23.13544389
61106,PE061106,477,1,8,1.67714884696017,0,0,0,36.07753969,22.22274813,47.4643185,1934.461874,35.18679174
61108,PE061108,477,1,8,1.67714884696017,0,0,0,36.07753969,22.22274813,47.4643185,12806.38736,35.68998428
61113,PE061113,477,35,8,1.67714884696017,0,0,0,36.07753969,22.22274813,47.4643185,3382.597821,19.89650451
61201,PE061201,477,1,8,1.67714884696017,0,0,0,36.07753969,22.22274813,47.4643185,5030.962527,25.15430211
61202,PE061202,477,2,8,1.67714884696017,0,0,0,36.07753969,22.22274813,47.4643185,3261.446623,19.60585557
61203,PE061203,477,2,8,1.67714884696017,0,0,0,36.07753969,22.22274813,47.4643185,295.9747277,6.917108814
61303,PE061303,1272,3,45,3.5377358490566,0,0,0,36.07753969,22.22274813,47.4643185,10808.42124,19.16030615
61307,PE061307,477,3,8,1.67714884696017,0,0,0,36.07753969,22.22274813,47.4643185,3698.418736,23.27156599
80101,PE080101,1272,25,75,5.89622641509434,0,0,0,36.07753969,22.22274813,47.4643185,153842.3042,1516.819597
80104,PE080104,477,3,16,3.35429769392034,0,0,0,36.07753969,22.22274813,47.4643185,3700.976471,38.73447172
80105,PE080105,477,1,16,3.35429769392034,0,0,0,36.07753969,22.22274813,47.4643185,13186.01656,192.8498079
80106,PE080106,477,1,16,3.35429769392034,0,0,0,36.07753969,22.22274813,47.4643185,28546.38214,482.8765169
80206,PE080206,477,1,16,3.35429769392034,0,0,0,36.07753969,22.22274813,47.4643185,3297.540741,18.01814381
80404,PE080404,477,1,16,3.35429769392034,0,0,0,36.07753969,22.22274813,47.4643185,13352.79956,18.24496464
80501,PE080501,477,1,16,3.35429769392034,0,0,0,36.07753969,22.22274813,47.4643185,8356.637908,28.70574205
80601,PE080601,795,1,59,7.42138364779874,0,0,0,36.07753969,22.22274813,47.4643185,39325.77595,60.83741861
80802,PE080802,477,1,16,3.35429769392034,0,0,0,36.07753969,22.22274813,47.4643185,1872.240087,3.63386938
80903,PE080903,1272,34,63,4.95283018867925,0,0,0,36.07753969,22.22274813,47.4643185,4610.431536,8.698322045
80908,PE080908,1272,70,63,4.95283018867925,0,0,0,36.07753969,22.22274813,47.4643185,11257.75376,8.468378355
80911,PE080911,795,2,47,5.91194968553459,0,0,0,36.07753969,22.22274813,47.4643185,4012.560784,5.192704291
80912,PE080912,795,1,47,5.91194968553459,0,0,0,36.07753969,22.22274813,47.4643185,2143.684706,4.881768207
80913,PE080913,795,16,47,5.91194968553459,0,0,0,36.07753969,22.22274813,47.4643185,654.6747712,3.292729539
80914,PE080914,795,1,47,5.91194968553459,0,0,0,36.07753969,22.22274813,47.4643185,13605.69542,1.270641998
80916,PE080914,795,1,47,5.91194968553459,0,0,0,36.07753969,22.22274813,47.4643185,13605.69542,1.270641998
80918,PE080914,795,316,47,5.91194968553459,0,0,0,36.07753969,22.22274813,47.4643185,13605.69542,1.270641998
81008,PE081008,477,1,16,3.35429769392034,0,0,0,36.07753969,22.22274813,47.4643185,1910.236166,24.36429671
81104,PE081104,477,1,16,3.35429769392034,0,0,0,36.07753969,22.22274813,47.4643185,6763.72549,14.72096601
81106,PE081106,477,1,16,3.35429769392034,0,0,0,36.07753969,22.22274813,47.4643185,14230.59782,4.356354423
81201,PE081201,477,1,16,3.35429769392034,0,0,0,36.07753969,22.22274813,47.4643185,1563.601743,11.12132948
81203,PE081203,477,6,16,3.35429769392034,0,0,0,36.07753969,22.22274813,47.4643185,19261.38126,5.730250866
81204,PE081204,477,1,16,3.35429769392034,0,0,0,36.07753969,22.22274813,47.4643185,3244.712854,10.69535055
81205,PE081205,477,1,16,3.35429769392034,0,0,0,36.07753969,22.22274813,47.4643185,7050.663617,23.76252462
81206,PE081206,477,1,16,3.35429769392034,0,0,0,36.07753969,22.22274813,47.4643185,4156.847059,17.14027681
81209,PE081209,477,1,16,3.35429769392034,0,0,0,36.07753969,22.22274813,47.4643185,8552.890196,6.578082435
81210,PE081210,477,1,16,3.35429769392034,0,0,0,36.07753969,22.22274813,47.4643185,22189.45708,23.41107476
81301,PE081301,477,1,16,3.35429769392034,0,0,0,36.07753969,22.22274813,47.4643185,3321.813072,20.6383854
81302,PE081302,477,1,16,3.35429769392034,0,0,0,36.07753969,22.22274813,47.4643185,4873.183442,47.58977678
81303,PE081303,795,1,60,7.54716981132075,0,0,0,36.07753969,22.22274813,47.4643185,4552.054902,59.28434293
81304,PE081304,477,3,16,3.35429769392034,0,0,0,36.07753969,22.22274813,47.4643185,9358.473638,25.91314054
90101,PE090101,477,3,19,3.9832285115304,0,0,0,36.07753969,22.22274813,47.4643185,47485.56209,92.99266593
90106,PE090106,477,2,19,3.9832285115304,0,0,0,36.07753969,22.22274813,47.4643185,5440.227887,16.1152073
90201,PE090201,477,2,19,3.9832285115304,0,0,0,36.07753969,22.22274813,47.4643185,9512.076688,77.0773227
90204,PE090204,477,2,19,3.9832285115304,0,0,0,36.07753969,22.22274813,47.4643185,1415.783878,16.28490399
90205,PE090205,477,1,19,3.9832285115304,0,0,0,36.07753969,22.22274813,47.4643185,2659.498475,15.48133938
90208,PE090208,1272,3,73,5.73899371069182,0,0,0,36.07753969,22.22274813,47.4643185,4152.220752,43.38521684
90305,PE090305,795,1,54,6.79245283018868,0,0,0,36.07753969,22.22274813,47.4643185,2552.070327,14.68902248
90404,PE090404,477,1,19,3.9832285115304,0,0,0,36.07753969,22.22274813,47.4643185,1805.759477,4.512186917
90501,PE090501,477,2,19,3.9832285115304,0,0,0,36.07753969,22.22274813,47.4643185,4728.539434,35.01048695
90506,PE090506,477,1,19,3.9832285115304,0,0,0,36.07753969,22.22274813,47.4643185,7041.927233,76.31855256
90507,PE090507,477,3,19,3.9832285115304,0,0,0,36.07753969,22.22274813,47.4643185,1830.223529,18.78196013
90508,PE090508,477,1,19,3.9832285115304,0,0,0,36.07753969,22.22274813,47.4643185,846.0204793,28.85633516
90509,PE090509,477,4,19,3.9832285115304,0,0,0,36.07753969,22.22274813,47.4643185,1692.51024,13.16811669
90601,PE090601,795,1,41,5.15723270440252,0,0,0,36.07753969,22.22274813,47.4643185,912.3440523,2.317034625
90606,PE090606,477,1,19,3.9832285115304,0,0,0,36.07753969,22.22274813,47.4643185,853.8008715,5.074251127
90611,PE090611,477,1,19,3.9832285115304,0,0,0,36.07753969,22.22274813,47.4643185,221.6043573,2.822478948
90701,PE090701,477,8,19,3.9832285115304,0,0,0,36.07753969,22.22274813,47.4643185,3866.330719,51.80983551
90703,PE090703,795,1,41,5.15723270440252,0,0,0,36.07753969,22.22274813,47.4643185,7385.457255,68.08248268
90704,PE090704,477,2,19,3.9832285115304,0,0,0,36.07753969,22.22274813,47.4643185,6102.39695,61.35504029
90706,PE090706,477,18,19,3.9832285115304,0,0,0,36.07753969,22.22274813,47.4643185,2127.692375,20.2720171
90709,PE090709,477,1,19,3.9832285115304,0,0,0,36.07753969,22.22274813,47.4643185,3739.899346,25.00518047
90713,PE090713,477,10,19,3.9832285115304,0,0,0,36.07753969,22.22274813,47.4643185,451.8061002,13.83455927
90714,PE090714,477,15,19,3.9832285115304,0,0,0,36.07753969,22.22274813,47.4643185,1934.928105,10.17389412
90715,PE090715,1272,11,60,4.71698113207547,0,0,0,36.07753969,22.22274813,47.4643185,1497.396895,12.79307685
100102,PE100102,477,1,14,2.93501048218029,0,0,0,36.07753969,22.22274813,47.4643185,32243.34553,241.7951877
100103,PE100103,477,2,14,2.93501048218029,0,0,0,36.07753969,22.22274813,47.4643185,20055.11503,24.85372805
100201,PE100201,477,1,14,2.93501048218029,0,0,0,36.07753969,22.22274813,47.4643185,10032.42963,34.93868122
100204,PE100204,477,1,14,2.93501048218029,0,0,0,36.07753969,22.22274813,47.4643185,2884.006972,25.71018759
100208,PE100208,477,1,14,2.93501048218029,0,0,0,36.07753969,22.22274813,47.4643185,1223.676688,29.41200559
100401,PE100401,477,13,14,2.93501048218029,0,0,0,36.07753969,22.22274813,47.4643185,4525.73159,8.195811685
100402,PE100402,477,11,14,2.93501048218029,0,0,0,36.07753969,22.22274813,47.4643185,1337.920261,7.252367244
100403,PE100403,477,1,14,2.93501048218029,0,0,0,36.07753969,22.22274813,47.4643185,4807.645752,7.054506416
100404,PE100404,477,23,14,2.93501048218029,0,0,0,36.07753969,22.22274813,47.4643185,1378.51634,4.826237231
100501,PE100501,477,1,14,2.93501048218029,0,0,0,36.07753969,22.22274813,47.4643185,6907.541612,16.68846525
100602,PE100602,477,1,14,2.93501048218029,0,0,0,36.07753969,22.22274813,47.4643185,4653.825272,6.632688405
100603,PE100603,1272,4,50,3.93081761006289,0,0,0,36.07753969,22.22274813,47.4643185,2625.662418,21.52674649
100604,PE100604,1272,53,50,3.93081761006289,0,0,0,36.07753969,22.22274813,47.4643185,66901.82859,44.64585635
100605,PE100605,1272,3,50,3.93081761006289,0,0,0,36.07753969,22.22274813,47.4643185,4213.246895,38.01074998
100606,PE100606,477,5,14,2.93501048218029,0,0,0,36.07753969,22.22274813,47.4643185,6567.457081,8.81742545
100702,PE100702,477,2,14,2.93501048218029,0,0,0,36.07753969,22.22274813,47.4643185,13022.05054,5.913518546
100703,PE100703,477,2,14,2.93501048218029,0,0,0,36.07753969,22.22274813,47.4643185,423.7808279,4.576863762
100801,PE100801,477,5,14,2.93501048218029,0,0,0,36.07753969,22.22274813,47.4643185,24829.74597,15.42215381
100802,PE100802,477,5,14,2.93501048218029,0,0,0,36.07753969,22.22274813,47.4643185,13455.35643,12.46528184
100901,PE100901,1272,52,49,3.85220125786164,0,0,0,36.07753969,22.22274813,47.4643185,6268.883824,2.622207107
100902,PE100902,1272,10,49,3.85220125786164,0,0,0,36.07753969,22.22274813,47.4643185,14065.59706,4.363241893
100905,PE100905,477,22,14,2.93501048218029,0,0,0,36.07753969,22.22274813,47.4643185,5360.743791,2.59343632
110101,PE110101,477,1,12,2.51572327044025,0,0,0,36.07753969,22.22274813,47.4643185,197893.8065,223.1042629
110106,PE110106,477,1,12,2.51572327044025,0,0,0,36.07753969,22.22274813,47.4643185,53244.31329,3087.727576
110201,PE110201,477,2,12,2.51572327044025,0,0,0,36.07753969,22.22274813,47.4643185,57703.41351,256.1303474
110202,PE110202,477,2,12,2.51572327044025,0,0,0,36.07753969,22.22274813,47.4643185,5052.522004,13.83211439
110204,PE110204,477,1,12,2.51572327044025,0,0,0,36.07753969,22.22274813,47.4643185,4619.980392,63.20651435
110205,PE110205,477,16,12,2.51572327044025,0,0,0,36.07753969,22.22274813,47.4643185,8248.800436,10.92006669
110208,PE110208,477,2,12,2.51572327044025,0,0,0,36.07753969,22.22274813,47.4643185,2095.816993,4.745993182
110209,PE110209,477,1,12,2.51572327044025,0,0,0,36.07753969,22.22274813,47.4643185,1481.091503,7.169135064
110403,PE110403,477,5,12,2.51572327044025,0,0,0,36.07753969,22.22274813,47.4643185,2992.408279,9.532829062
110501,PE110501,477,2,12,2.51572327044025,0,0,0,36.07753969,22.22274813,47.4643185,87459.47233,3811.204326
110503,PE110503,477,10,12,2.51572327044025,0,0,0,36.07753969,22.22274813,47.4643185,2779.001743,3.053199512
110507,PE110507,477,2,12,2.51572327044025,0,0,0,36.07753969,22.22274813,47.4643185,6818.909368,50.82964747
120101,PE120101,477,2,11,2.30607966457023,0,0,0,36.07753969,22.22274813,47.4643185,159384.8719,702.5759473
120107,PE120107,477,1,11,2.30607966457023,0,0,0,36.07753969,22.22274813,47.4643185,59406.60697,2212.966305
120114,PE120114,477,1,11,2.30607966457023,0,0,0,36.07753969,22.22274813,47.4643185,159650.5991,959.0242035
120124,PE120124,1272,3,69,5.42452830188679,0,0,0,36.07753969,22.22274813,47.4643185,5200.432353,8.953737108
120133,PE120133,477,1,11,2.30607966457023,0,0,0,36.07753969,22.22274813,47.4643185,2432.503268,19.68485472
120135,PE120135,1272,38,69,5.42452830188679,0,0,0,36.07753969,22.22274813,47.4643185,5612.04281,6.398822432
120203,PE120203,795,2,57,7.16981132075472,0,0,0,36.07753969,22.22274813,47.4643185,7456.066144,14.73792628
120204,PE120204,477,1,11,2.30607966457023,0,0,0,36.07753969,22.22274813,47.4643185,2570.324183,23.53618887
120205,PE120205,795,1,57,7.16981132075472,0,0,0,36.07753969,22.22274813,47.4643185,877.4766013,8.091746733
120401,PE120401,477,2,11,2.30607966457023,0,0,0,36.07753969,22.22274813,47.4643185,4160.321569,438.7690961
120407,PE120407,795,1,57,7.16981132075472,0,0,0,36.07753969,22.22274813,47.4643185,1832.326797,102.379532
120419,PE120419,477,3,11,2.30607966457023,0,0,0,36.07753969,22.22274813,47.4643185,9968.984749,10.65795104
120701,PE120701,477,4,11,2.30607966457023,0,0,0,36.07753969,22.22274813,47.4643185,20391.54205,45.76373817
130101,PE130101,477,10,5,1.0482180293501,0,0,0,36.07753969,22.22274813,47.4643185,251976.1808,6592.386757
130102,PE130102,795,1,41,5.15723270440252,0,0,0,36.07753969,22.22274813,47.4643185,63439.25961,1653.122518
130105,PE130105,477,1,5,1.0482180293501,0,0,0,36.07753969,22.22274813,47.4643185,88547.11329,4192.895012
130107,PE130107,477,104,5,1.0482180293501,0,0,0,36.07753969,22.22274813,47.4643185,12797.00479,454.0248861
130108,PE130108,477,1,5,1.0482180293501,0,0,0,36.07753969,22.22274813,47.4643185,1075.741176,7.160775453
130110,PE130110,477,2,5,1.0482180293501,0,0,0,36.07753969,22.22274813,47.4643185,3281.605229,8.447652167
130202,PE130202,477,1,5,1.0482180293501,0,0,0,36.07753969,22.22274813,47.4643185,9914.75512,11.05678335
130207,PE130207,477,2,5,1.0482180293501,0,0,0,36.07753969,22.22274813,47.4643185,30993.5817,227.8958023
130208,PE130208,477,2,5,1.0482180293501,0,0,0,36.07753969,22.22274813,47.4643185,18314.65229,27.78925209
130305,PE130305,477,31,5,1.0482180293501,0,0,0,36.07753969,22.22274813,47.4643185,2988.48976,13.5242818
130401,PE130401,477,13,5,1.0482180293501,0,0,0,36.07753969,22.22274813,47.4643185,33884.89717,117.4630086
130402,PE130402,477,4,5,1.0482180293501,0,0,0,36.07753969,22.22274813,47.4643185,23109.88192,39.29532758
130403,PE130403,477,1,5,1.0482180293501,0,0,0,36.07753969,22.22274813,47.4643185,10547.89673,39.02819424
130701,PE130701,477,1,5,1.0482180293501,0,0,0,36.07753969,22.22274813,47.4643185,29953.74728,43.89888786
130702,PE130702,477,5,5,1.0482180293501,0,0,0,36.07753969,22.22274813,47.4643185,27441.22048,163.9442387
130704,PE130704,477,2,5,1.0482180293501,0,0,0,36.07753969,22.22274813,47.4643185,31580.86754,915.5575578
130705,PE130705,477,1,5,1.0482180293501,0,0,0,36.07753969,22.22274813,47.4643185,6491.139869,36.41701064
130801,PE130801,477,14,5,1.0482180293501,0,0,0,36.07753969,22.22274813,47.4643185,9967.5878,29.49655217
130802,PE130802,477,2,5,1.0482180293501,0,0,0,36.07753969,22.22274813,47.4643185,2343.755556,10.19613123
130805,PE130805,477,2,5,1.0482180293501,0,0,0,36.07753969,22.22274813,47.4643185,1068.188235,11.50665721
130806,PE130806,477,24,5,1.0482180293501,0,0,0,36.07753969,22.22274813,47.4643185,1986.407843,15.87918553
130808,PE130808,1272,38,43,3.38050314465409,0,0,0,36.07753969,22.22274813,47.4643185,3584.403595,12.91195223
130810,PE130810,477,60,5,1.0482180293501,0,0,0,36.07753969,22.22274813,47.4643185,1745.532462,5.630865783
130813,PE130813,477,47,5,1.0482180293501,0,0,0,36.07753969,22.22274813,47.4643185,2173.820044,21.22440395
130904,PE130904,477,2,5,1.0482180293501,0,0,0,36.07753969,22.22274813,47.4643185,3040.852723,30.96126129
130906,PE130906,1272,2,43,3.38050314465409,0,0,0,36.07753969,22.22274813,47.4643185,20012.60621,59.41874156
130907,PE130907,1272,4,43,3.38050314465409,0,0,0,36.07753969,22.22274813,47.4643185,8359.939379,24.93158546
131001,PE131001,477,6,5,1.0482180293501,0,0,0,36.07753969,22.22274813,47.4643185,10425.08235,9.659184135
131002,PE131002,477,2,5,1.0482180293501,0,0,0,36.07753969,22.22274813,47.4643185,3244.93159,21.61946047
131008,PE131008,1272,67,43,3.38050314465409,0,0,0,36.07753969,22.22274813,47.4643185,2423.633333,7.701114149
131101,PE131101,477,37,5,1.0482180293501,0,0,0,36.07753969,22.22274813,47.4643185,8344.000436,17.88484411
131102,PE131102,477,6,5,1.0482180293501,0,0,0,36.07753969,22.22274813,47.4643185,8491.250545,29.54149776
131103,PE131103,477,3,5,1.0482180293501,0,0,0,36.07753969,22.22274813,47.4643185,4354.922004,14.51519622
131104,PE131104,477,1,5,1.0482180293501,0,0,0,36.07753969,22.22274813,47.4643185,3921.895861,16.7374701
131201,PE131201,1272,26,43,3.38050314465409,0,0,0,36.07753969,22.22274813,47.4643185,34700.7848,32.00335264
131203,PE131203,477,36,5,1.0482180293501,0,0,0,36.07753969,22.22274813,47.4643185,5871.137255,13.75939642
140102,PE140102,1272,25,47,3.69496855345912,0,0,0,36.07753969,22.22274813,47.4643185,18745.19575,25.98871996
140105,PE140105,1272,20,47,3.69496855345912,0,0,0,36.07753969,22.22274813,47.4643185,195893.4788,6690.143005
140106,PE140106,477,5,8,1.67714884696017,0,0,0,36.07753969,22.22274813,47.4643185,32399.01176,792.3052213
140108,PE140108,477,6,8,1.67714884696017,0,0,0,36.07753969,22.22274813,47.4643185,11200.95512,239.3457899
140109,PE140109,795,1,39,4.90566037735849,0,0,0,36.07753969,22.22274813,47.4643185,4047.313464,19.13850776
140110,PE140110,477,26,8,1.67714884696017,0,0,0,36.07753969,22.22274813,47.4643185,17165.36471,35.2698437
140111,PE140111,477,5,8,1.67714884696017,0,0,0,36.07753969,22.22274813,47.4643185,16695.37168,319.3515987
140112,PE140112,477,3,8,1.67714884696017,0,0,0,36.07753969,22.22274813,47.4643185,40487.57734,607.9111501
140115,PE140115,477,208,8,1.67714884696017,0,0,0,36.07753969,22.22274813,47.4643185,12896.70806,41.05977585
140116,PE140116,1272,4,47,3.69496855345912,0,0,0,36.07753969,22.22274813,47.4643185,20503.44101,124.6957063
140117,PE140117,477,4,8,1.67714884696017,0,0,0,36.07753969,22.22274813,47.4643185,12830.2305,69.7080303
140118,PE140118,477,8,8,1.67714884696017,0,0,0,36.07753969,22.22274813,47.4643185,13945.95512,181.9801708
140119,PE140119,477,2,8,1.67714884696017,0,0,0,36.07753969,22.22274813,47.4643185,13406.24009,76.60897065
140120,PE140120,477,1,8,1.67714884696017,0,0,0,36.07753969,22.22274813,47.4643185,19172.15556,152.5295013
140201,PE140201,477,39,8,1.67714884696017,0,0,0,36.07753969,22.22274813,47.4643185,48059.64924,798.1989439
140202,PE140202,1272,141,46,3.61635220125786,0,0,0,36.07753969,22.22274813,47.4643185,3067.29902,10.61335518
140203,PE140203,477,133,8,1.67714884696017,0,0,0,36.07753969,22.22274813,47.4643185,5336.228322,12.25804989
140204,PE140204,477,4,8,1.67714884696017,0,0,0,36.07753969,22.22274813,47.4643185,11122.38911,53.11761712
140205,PE140205,477,672,8,1.67714884696017,0,0,0,36.07753969,22.22274813,47.4643185,17677.38562,32.1499508
140206,PE140206,477,10,8,1.67714884696017,0,0,0,36.07753969,22.22274813,47.4643185,10254.39303,329.3477189
140301,PE140301,477,19,8,1.67714884696017,0,0,0,36.07753969,22.22274813,47.4643185,74621.5207,229.5218776
140304,PE140304,1272,48,46,3.61635220125786,0,0,0,36.07753969,22.22274813,47.4643185,14893.05425,21.6661802
140305,PE140305,477,12,8,1.67714884696017,0,0,0,36.07753969,22.22274813,47.4643185,14109.08017,137.4195506
140306,PE140306,477,29,8,1.67714884696017,0,0,0,36.07753969,22.22274813,47.4643185,7811.074074,7.41239408
140309,PE140309,1272,75,46,3.61635220125786,0,0,0,36.07753969,22.22274813,47.4643185,4828.742157,54.4207681
140311,PE140311,477,1,8,1.67714884696017,0,0,0,36.07753969,22.22274813,47.4643185,2891.042702,63.99583948
140312,PE140312,477,36,8,1.67714884696017,0,0,0,36.07753969,22.22274813,47.4643185,6352.524183,100.18877
150101,PE150101,477,1,11,2.30607966457023,0,0,0,36.07753969,22.22274813,47.4643185,968329.858,45012.41174
150103,PE150103,795,1,57,7.16981132075472,0,0,0,36.07753969,22.22274813,47.4643185,270338.594,3179.739279
150106,PE150106,477,5,11,2.30607966457023,0,0,0,36.07753969,22.22274813,47.4643185,63118.71547,202.2197618
150109,PE150109,477,4,11,2.30607966457023,0,0,0,36.07753969,22.22274813,47.4643185,5885.345098,26.1636496
150110,PE150110,1272,3,68,5.34591194968553,0,0,0,36.07753969,22.22274813,47.4643185,243495.6765,4983.473329
150111,PE150111,1272,2,68,5.34591194968553,0,0,0,36.07753969,22.22274813,47.4643185,142693.3855,10660.97892
150114,PE150114,477,2,11,2.30607966457023,0,0,0,36.07753969,22.22274813,47.4643185,139256.4357,2857.94419
150117,PE150117,477,2,11,2.30607966457023,0,0,0,36.07753969,22.22274813,47.4643185,175250.2985,9620.632204
150118,PE150118,477,2,11,2.30607966457023,0,0,0,36.07753969,22.22274813,47.4643185,29211.57734,119.2064213
150123,PE150123,477,1,11,2.30607966457023,0,0,0,36.07753969,22.22274813,47.4643185,10719.32636,57.67169182
150132,PE150132,477,2,11,2.30607966457023,0,0,0,36.07753969,22.22274813,47.4643185,170895.5834,1217.173756
150133,PE150133,477,6,11,2.30607966457023,0,0,0,36.07753969,22.22274813,47.4643185,126078.8893,5673.551899
150135,PE150135,477,1,11,2.30607966457023,0,0,0,36.07753969,22.22274813,47.4643185,584164.0571,16081.79309
150137,PE150137,477,1,11,2.30607966457023,0,0,0,36.07753969,22.22274813,47.4643185,70048.61569,6561.550362
150139,PE150139,795,1,57,7.16981132075472,0,0,0,36.07753969,22.22274813,47.4643185,11848.87216,679.9092462
150143,PE150143,795,2,57,7.16981132075472,0,0,0,36.07753969,22.22274813,47.4643185,345500.5854,5218.660287
150201,PE150201,477,3,11,2.30607966457023,0,0,0,36.07753969,22.22274813,47.4643185,17474.67059,108.7260622
150204,PE150204,477,4,11,2.30607966457023,0,0,0,36.07753969,22.22274813,47.4643185,46262.56296,89.11613745
150401,PE150401,477,1,11,2.30607966457023,0,0,0,36.07753969,22.22274813,47.4643185,1976.166885,14.72865159
150501,PE150501,1272,5,53,4.16666666666667,0,0,0,36.07753969,22.22274813,47.4643185,44797.36373,86.25473663
150507,PE150507,477,1,11,2.30607966457023,0,0,0,36.07753969,22.22274813,47.4643185,15468.11765,295.7513259
150508,PE150508,477,3,11,2.30607966457023,0,0,0,36.07753969,22.22274813,47.4643185,6279.211329,12.72024043
150509,PE150509,477,1,11,2.30607966457023,0,0,0,36.07753969,22.22274813,47.4643185,14425.97908,110.1280273
150512,PE150512,477,1,11,2.30607966457023,0,0,0,36.07753969,22.22274813,47.4643185,12214.0854,27.19530126
150601,PE150601,477,12,11,2.30607966457023,0,0,0,36.07753969,22.22274813,47.4643185,51377.55512,79.62063801
150605,PE150605,477,1,11,2.30607966457023,0,0,0,36.07753969,22.22274813,47.4643185,9861.148148,63.75571071
150805,PE150805,477,1,11,2.30607966457023,0,0,0,36.07753969,22.22274813,47.4643185,31438.04401,5193.196429
150806,PE150806,477,7,11,2.30607966457023,0,0,0,36.07753969,22.22274813,47.4643185,43367.57778,90.10573681
150810,PE150810,477,1,11,2.30607966457023,0,0,0,36.07753969,22.22274813,47.4643185,18463.79869,136.3091863
150812,PE150812,477,1,11,2.30607966457023,0,0,0,36.07753969,22.22274813,47.4643185,6114.205664,23.72995306
160602,PE160602,1272,13,60,4.71698113207547,0,0,0,36.07753969,22.22274813,47.4643185,986.8194444,1.565922162
160603,PE160603,1272,20,60,4.71698113207547,0,0,0,36.07753969,22.22274813,47.4643185,4312.053758,1.769526918
160606,PE160606,1272,43,60,4.71698113207547,0,0,0,36.07753969,22.22274813,47.4643185,5291.048856,2.787326052
170202,PE170202,1272,23,43,3.38050314465409,0,0,0,36.07753969,22.22274813,47.4643185,2633.995425,0.247165439
180301,PE180301,477,1,11,2.30607966457023,0,0,0,36.07753969,22.22274813,47.4643185,47662.79956,162.7344602
190101,PE190101,477,1,9,1.88679245283019,0,0,0,36.07753969,22.22274813,47.4643185,37108.29542,2386.951997
190103,PE190103,477,7,9,1.88679245283019,0,0,0,36.07753969,22.22274813,47.4643185,4596.387364,37.32338094
190107,PE190107,477,2,9,1.88679245283019,0,0,0,36.07753969,22.22274813,47.4643185,2250.018736,2.835050429
190112,PE190112,477,1,9,1.88679245283019,0,0,0,36.07753969,22.22274813,47.4643185,2752.548148,16.05687024
190113,PE190113,477,4,9,1.88679245283019,0,0,0,36.07753969,22.22274813,47.4643185,37163.98649,235.5996269
190201,PE190201,477,2,9,1.88679245283019,0,0,0,36.07753969,22.22274813,47.4643185,17885.26667,24.13270257
190302,PE190302,477,15,9,1.88679245283019,0,0,0,36.07753969,22.22274813,47.4643185,2869.604793,6.553757404
190303,PE190303,477,7,9,1.88679245283019,0,0,0,36.07753969,22.22274813,47.4643185,6367.744662,5.611292954
190305,PE190305,1272,19,45,3.5377358490566,0,0,0,36.07753969,22.22274813,47.4643185,3149.170425,4.394552521
190308,PE190308,795,2,36,4.52830188679245,0,0,0,36.07753969,22.22274813,47.4643185,10651.10301,3.488633619
200108,PE200108,477,105,8,1.67714884696017,0,0,0,36.07753969,22.22274813,47.4643185,2420.837037,24.17005535
200110,PE200110,477,1287,8,1.67714884696017,0,0,0,36.07753969,22.22274813,47.4643185,18078.83181,56.79441187
200115,PE200115,795,1,41,5.15723270440252,0,0,0,36.07753969,22.22274813,47.4643185,101240.4779,1417.396925
200201,PE200201,1272,56,47,3.69496855345912,0,0,0,36.07753969,22.22274813,47.4643185,23578.32843,15.27846393
200202,PE200202,477,87,8,1.67714884696017,0,0,0,36.07753969,22.22274813,47.4643185,6212.553377,11.08265088
200204,PE200204,1272,13,47,3.69496855345912,0,0,0,36.07753969,22.22274813,47.4643185,1733.108497,9.100716957
200205,PE200205,477,322,8,1.67714884696017,0,0,0,36.07753969,22.22274813,47.4643185,1155.97037,8.909989048
200206,PE200206,477,27,8,1.67714884696017,0,0,0,36.07753969,22.22274813,47.4643185,17090.98214,17.61434106
200209,PE200209,1272,4,47,3.69496855345912,0,0,0,36.07753969,22.22274813,47.4643185,749.9027778,21.28022506
200301,PE200301,1272,82,48,3.77358490566038,0,0,0,36.07753969,22.22274813,47.4643185,19919.36601,44.94573304
200303,PE200303,477,9,8,1.67714884696017,0,0,0,36.07753969,22.22274813,47.4643185,10175.13464,15.08629079
200304,PE200304,1272,721,48,3.77358490566038,0,0,0,36.07753969,22.22274813,47.4643185,51728.03333,26.64954067
200305,PE200305,477,70,8,1.67714884696017,0,0,0,36.07753969,22.22274813,47.4643185,2947.337691,20.20396164
200307,PE200307,477,19,8,1.67714884696017,0,0,0,36.07753969,22.22274813,47.4643185,6401.037908,18.79065223
200308,PE200308,477,26,8,1.67714884696017,0,0,0,36.07753969,22.22274813,47.4643185,4469.691939,19.49010974
200403,PE200403,1272,16,48,3.77358490566038,0,0,0,36.07753969,22.22274813,47.4643185,2118.425,14.21124237
200404,PE200404,1272,206,48,3.77358490566038,0,0,0,36.07753969,22.22274813,47.4643185,40472.20327,39.10653638
200409,PE200409,1272,15,48,3.77358490566038,0,0,0,36.07753969,22.22274813,47.4643185,1759.798693,9.282674402
200501,PE200501,1272,38,47,3.69496855345912,0,0,0,36.07753969,22.22274813,47.4643185,35249.67582,50.31288519
200502,PE200502,477,7,8,1.67714884696017,0,0,0,36.07753969,22.22274813,47.4643185,1650.648802,25.84373834
200503,PE200503,477,1,8,1.67714884696017,0,0,0,36.07753969,22.22274813,47.4643185,382.5755991,46.14431688
200504,PE200504,477,19,8,1.67714884696017,0,0,0,36.07753969,22.22274813,47.4643185,9024.535948,73.69778065
200506,PE200506,1272,13,47,3.69496855345912,0,0,0,36.07753969,22.22274813,47.4643185,2667.672876,41.16685009
200702,PE200702,477,1,8,1.67714884696017,0,0,0,36.07753969,22.22274813,47.4643185,22137.922,46.13584103
200704,PE200704,477,1,8,1.67714884696017,0,0,0,36.07753969,22.22274813,47.4643185,4256.731155,17.9438379
200705,PE200705,477,14,8,1.67714884696017,0,0,0,36.07753969,22.22274813,47.4643185,11498.13638,70.44149034
200801,PE200801,477,23,8,1.67714884696017,0,0,0,36.07753969,22.22274813,47.4643185,30170.22876,5.267272035
200802,PE200802,1272,55,47,3.69496855345912,0,0,0,36.07753969,22.22274813,47.4643185,3079.811601,223.6734511
200803,PE200803,477,40,8,1.67714884696017,0,0,0,36.07753969,22.22274813,47.4643185,6494.781699,91.26614767
200804,PE200804,477,7,8,1.67714884696017,0,0,0,36.07753969,22.22274813,47.4643185,3157.090632,11.99849491
200805,PE200805,477,21,8,1.67714884696017,0,0,0,36.07753969,22.22274813,47.4643185,7395.514597,28.56600297
200806,PE200806,477,24,8,1.67714884696017,0,0,0,36.07753969,22.22274813,47.4643185,1669.824837,84.07721957
210101,PE210101,477,2,19,3.9832285115304,0,0,0,36.07753969,22.22274813,47.4643185,78177.75163,169.9246388
210204,PE210204,477,1,25,5.24109014675052,0,0,0,36.07753969,22.22274813,47.4643185,14776.3342,36.63509436
210211,PE210211,477,1,25,5.24109014675052,0,0,0,36.07753969,22.22274813,47.4643185,5030.013943,9.761376254
210309,PE210309,477,2,19,3.9832285115304,0,0,0,36.07753969,22.22274813,47.4643185,2389.034858,3.205747813
210601,PE210601,477,1,25,5.24109014675052,0,0,0,36.07753969,22.22274813,47.4643185,9928.930719,25.64511463
210701,PE210701,477,1,22,4.61215932914046,0,0,0,36.07753969,22.22274813,47.4643185,7427.048802,11.24581153
211101,PE211101,477,3,22,4.61215932914046,0,0,0,36.07753969,22.22274813,47.4643185,114582.4148,290.4280131
211201,PE211201,1272,2,48,3.77358490566038,0,0,0,36.07753969,22.22274813,47.4643185,6268.026307,8.943825159
211202,PE211202,477,2,16,3.35429769392034,0,0,0,36.07753969,22.22274813,47.4643185,8349.220915,16.31779217
211207,PE211207,1272,362,48,3.77358490566038,0,0,0,36.07753969,22.22274813,47.4643185,1565.469118,7.761417634
211209,PE211209,477,1,16,3.35429769392034,0,0,0,36.07753969,22.22274813,47.4643185,6236.918519,4.584298801
211210,PE211210,1272,3,48,3.77358490566038,0,0,0,36.07753969,22.22274813,47.4643185,5155.857516,0.930934847
220202,PE220202,1272,65,63,4.95283018867925,0,0,0,36.07753969,22.22274813,47.4643185,18699.26879,3.137950899
220204,PE220204,795,1,50,6.28930817610063,0,0,0,36.07753969,22.22274813,47.4643185,1924.144052,7.463529718
220205,PE220205,1272,74,63,4.95283018867925,0,0,0,36.07753969,22.22274813,47.4643185,2659.910458,7.644344872
220206,PE220206,1272,40,63,4.95283018867925,0,0,0,36.07753969,22.22274813,47.4643185,3906.59902,36.41463301
220302,PE220302,1272,21,63,4.95283018867925,0,0,0,36.07753969,22.22274813,47.4643185,1751.540523,11.48416741
220303,PE220303,1272,19,63,4.95283018867925,0,0,0,36.07753969,22.22274813,47.4643185,6781.779575,13.02658899
220304,PE220304,1272,35,63,4.95283018867925,0,0,0,36.07753969,22.22274813,47.4643185,4057.940033,16.27145158
220305,PE220305,477,2,13,2.72536687631027,0,0,0,36.07753969,22.22274813,47.4643185,555.0039216,8.970972949
220402,PE220402,1272,4,60,4.71698113207547,0,0,0,36.07753969,22.22274813,47.4643185,5911.161111,4.289097766
220403,PE220403,477,1,10,2.09643605870021,0,0,0,36.07753969,22.22274813,47.4643185,347.7864924,2.790176877
220404,PE220404,477,15,10,2.09643605870021,0,0,0,36.07753969,22.22274813,47.4643185,1541.738126,8.577515129
220405,PE220405,477,1,10,2.09643605870021,0,0,0,36.07753969,22.22274813,47.4643185,841.5694989,5.204254099
220406,PE220406,1272,4,60,4.71698113207547,0,0,0,36.07753969,22.22274813,47.4643185,871.8411765,18.68387721
220505,PE220505,1272,24,63,4.95283018867925,0,0,0,36.07753969,22.22274813,47.4643185,5685.937092,31.24202018
220507,PE220507,1272,3,63,4.95283018867925,0,0,0,36.07753969,22.22274813,47.4643185,1783.185948,53.63088882
220510,PE220510,477,29,13,2.72536687631027,0,0,0,36.07753969,22.22274813,47.4643185,5523.532898,15.25902004
220601,PE220601,1272,41,60,4.71698113207547,0,0,0,36.07753969,22.22274813,47.4643185,10373.03987,23.17328511
220602,PE220602,1272,5,60,4.71698113207547,0,0,0,36.07753969,22.22274813,47.4643185,5538.288072,3.060671932
220604,PE220604,477,1,10,2.09643605870021,0,0,0,36.07753969,22.22274813,47.4643185,4133.086275,2.296227846
220701,PE220701,1272,83,63,4.95283018867925,0,0,0,36.07753969,22.22274813,47.4643185,6947.721569,31.97305558
220702,PE220702,1272,11,63,4.95283018867925,0,0,0,36.07753969,22.22274813,47.4643185,6381.697222,20.50378534
220703,PE220703,1272,155,63,4.95283018867925,0,0,0,36.07753969,22.22274813,47.4643185,1616.524346,21.26254313
220706,PE220706,1272,5,63,4.95283018867925,0,0,0,36.07753969,22.22274813,47.4643185,929.0344771,30.88091508
220707,PE220707,1272,32,63,4.95283018867925,0,0,0,36.07753969,22.22274813,47.4643185,2323.194935,22.36275332
220708,PE220708,1272,12,63,4.95283018867925,0,0,0,36.07753969,22.22274813,47.4643185,2553.231373,6.505506866
220710,PE220710,1272,9,63,4.95283018867925,0,0,0,36.07753969,22.22274813,47.4643185,1879.695261,5.073091672
220808,PE220808,477,129,10,2.09643605870021,0,0,0,36.07753969,22.22274813,47.4643185,979.6156863,11.98214904
220809,PE220809,1272,71,60,4.71698113207547,0,0,0,36.07753969,22.22274813,47.4643185,6275.396078,101.1217288
220902,PE220902,795,6,50,6.28930817610063,0,0,0,36.07753969,22.22274813,47.4643185,842.4742484,16.26735597
220903,PE220903,1272,52,63,4.95283018867925,0,0,0,36.07753969,22.22274813,47.4643185,3848.117647,73.36843334
220908,PE220908,1272,9,63,4.95283018867925,0,0,0,36.07753969,22.22274813,47.4643185,5305.090033,27.60759055
220910,PE220910,1272,56,63,4.95283018867925,0,0,0,36.07753969,22.22274813,47.4643185,10385.39379,204.9848765
220912,PE220912,1272,6,63,4.95283018867925,0,0,0,36.07753969,22.22274813,47.4643185,3288.575163,41.99394596
220913,PE220913,1272,9,63,4.95283018867925,0,0,0,36.07753969,22.22274813,47.4643185,3416.431536,33.88219943
221002,PE221002,477,4,10,2.09643605870021,0,0,0,36.07753969,22.22274813,47.4643185,11283.92854,13.66059227
221004,PE221004,477,1,10,2.09643605870021,0,0,0,36.07753969,22.22274813,47.4643185,9009.156863,8.498075848
221005,PE221005,1272,28,60,4.71698113207547,0,0,0,36.07753969,22.22274813,47.4643185,34291.92549,44.6682595
240201,PE240201,1272,74,34,2.67295597484277,0,0,0,36.07753969,22.22274813,47.4643185,5356.093464,8.273560018
240202,PE240202,1272,6,34,2.67295597484277,0,0,0,36.07753969,22.22274813,47.4643185,6330.587745,7.398905566
240303,PE240303,1272,60,35,2.75157232704403,0,0,0,36.07753969,22.22274813,47.4643185,6309.739379,16.17696459
250204,PE250204,1272,24,56,4.40251572327044,0,0,0,36.07753969,22.22274813,47.4643185,5047.598693,0.559171585
250304,PE250304,795,5,44,5.53459119496855,0,0,0,36.07753969,22.22274813,47.4643185,5124.552157,8.213923617
250305,PE250305,795,1,44,5.53459119496855,0,0,0,36.07753969,22.22274813,47.4643185,12283.03765,59.79763008
250401,PE250401,1272,11,56,4.40251572327044,0,0,0,36.07753969,22.22274813,47.4643185,4081.779085,0.221571214
